starttime	seconds	ctime	dtime	ttime	wait
Sat Jan 24 23:44:03 2015	1422164643	0	494	495	464
Sat Jan 24 23:44:03 2015	1422164643	0	571	571	562
Sat Jan 24 23:44:01 2015	1422164641	0	591	591	575
Sat Jan 24 23:44:03 2015	1422164643	0	602	602	601
Sat Jan 24 23:44:02 2015	1422164642	0	650	651	640
Sat Jan 24 23:44:02 2015	1422164642	0	682	682	679
Sat Jan 24 23:43:59 2015	1422164639	0	685	686	677
Sat Jan 24 23:44:03 2015	1422164643	0	696	696	695
Sat Jan 24 23:44:02 2015	1422164642	0	711	711	661
Sat Jan 24 23:44:03 2015	1422164643	0	732	732	719
Sat Jan 24 23:43:56 2015	1422164636	0	758	758	725
Sat Jan 24 23:44:03 2015	1422164643	0	762	762	757
Sat Jan 24 23:44:03 2015	1422164643	0	769	769	750
Sat Jan 24 23:44:02 2015	1422164642	0	808	808	778
Sat Jan 24 23:44:03 2015	1422164643	0	829	829	820
Sat Jan 24 23:44:03 2015	1422164643	0	840	840	837
Sat Jan 24 23:43:59 2015	1422164639	0	841	841	811
Sat Jan 24 23:44:03 2015	1422164643	0	843	843	788
Sat Jan 24 23:43:52 2015	1422164632	0	857	857	839
Sat Jan 24 23:43:55 2015	1422164635	0	864	864	786
Sat Jan 24 23:43:43 2015	1422164623	0	867	868	777
Sat Jan 24 23:44:01 2015	1422164641	0	887	887	852
Sat Jan 24 23:43:48 2015	1422164628	0	888	888	749
Sat Jan 24 23:43:54 2015	1422164634	0	888	888	729
Sat Jan 24 23:44:02 2015	1422164642	1	903	904	848
Sat Jan 24 23:43:51 2015	1422164631	0	907	908	877
Sat Jan 24 23:43:55 2015	1422164635	0	909	909	900
Sat Jan 24 23:43:58 2015	1422164638	0	910	910	903
Sat Jan 24 23:44:01 2015	1422164641	0	925	925	843
Sat Jan 24 23:43:53 2015	1422164633	0	933	933	919
Sat Jan 24 23:43:42 2015	1422164622	1	942	943	902
Sat Jan 24 23:43:58 2015	1422164638	1	942	943	904
Sat Jan 24 23:43:54 2015	1422164634	0	944	944	918
Sat Jan 24 23:44:02 2015	1422164642	0	956	956	952
Sat Jan 24 23:43:58 2015	1422164638	0	961	961	945
Sat Jan 24 23:43:51 2015	1422164631	2	981	983	954
Sat Jan 24 23:44:03 2015	1422164643	0	983	983	979
Sat Jan 24 23:43:54 2015	1422164634	1	988	988	979
Sat Jan 24 23:43:41 2015	1422164621	0	994	994	958
Sat Jan 24 23:44:03 2015	1422164643	0	1018	1018	994
Sat Jan 24 23:43:41 2015	1422164621	0	1022	1022	982
Sat Jan 24 23:43:37 2015	1422164617	1	1029	1030	1011
Sat Jan 24 23:43:56 2015	1422164636	0	1034	1034	1000
Sat Jan 24 23:43:42 2015	1422164622	0	1037	1037	1004
Sat Jan 24 23:43:57 2015	1422164637	0	1043	1043	973
Sat Jan 24 23:43:56 2015	1422164636	0	1044	1044	1011
Sat Jan 24 23:43:47 2015	1422164627	0	1044	1045	986
Sat Jan 24 23:43:38 2015	1422164618	0	1052	1052	1035
Sat Jan 24 23:43:57 2015	1422164637	0	1055	1055	995
Sat Jan 24 23:43:58 2015	1422164638	12	1049	1061	1007
Sat Jan 24 23:43:58 2015	1422164638	0	1062	1062	1057
Sat Jan 24 23:44:03 2015	1422164643	31	1033	1065	1031
Sat Jan 24 23:43:58 2015	1422164638	0	1066	1066	948
Sat Jan 24 23:43:59 2015	1422164639	0	1068	1068	994
Sat Jan 24 23:44:02 2015	1422164642	0	1070	1070	1058
Sat Jan 24 23:43:59 2015	1422164639	0	1078	1078	1052
Sat Jan 24 23:43:50 2015	1422164630	0	1079	1079	1051
Sat Jan 24 23:43:52 2015	1422164632	0	1080	1080	950
Sat Jan 24 23:43:59 2015	1422164639	0	1080	1080	1028
Sat Jan 24 23:44:01 2015	1422164641	0	1081	1082	1045
Sat Jan 24 23:43:54 2015	1422164634	0	1087	1088	1078
Sat Jan 24 23:43:59 2015	1422164639	0	1089	1089	1080
Sat Jan 24 23:43:49 2015	1422164629	0	1090	1091	1068
Sat Jan 24 23:43:59 2015	1422164639	0	1095	1095	1093
Sat Jan 24 23:43:50 2015	1422164630	0	1099	1099	1048
Sat Jan 24 23:43:53 2015	1422164633	0	1099	1099	1026
Sat Jan 24 23:44:03 2015	1422164643	0	1106	1106	1092
Sat Jan 24 23:44:02 2015	1422164642	0	1109	1109	1063
Sat Jan 24 23:44:01 2015	1422164641	0	1109	1110	1087
Sat Jan 24 23:43:59 2015	1422164639	0	1112	1113	1035
Sat Jan 24 23:44:00 2015	1422164640	0	1121	1121	1099
Sat Jan 24 23:44:02 2015	1422164642	0	1121	1121	1099
Sat Jan 24 23:43:37 2015	1422164617	1	1121	1122	1061
Sat Jan 24 23:44:03 2015	1422164643	0	1131	1131	1108
Sat Jan 24 23:44:03 2015	1422164643	0	1133	1133	1107
Sat Jan 24 23:43:59 2015	1422164639	0	1135	1135	1120
Sat Jan 24 23:44:01 2015	1422164641	0	1139	1139	1130
Sat Jan 24 23:43:54 2015	1422164634	0	1146	1146	1017
Sat Jan 24 23:44:03 2015	1422164643	0	1155	1155	1135
Sat Jan 24 23:44:02 2015	1422164642	0	1157	1157	1145
Sat Jan 24 23:43:57 2015	1422164637	0	1158	1159	1017
Sat Jan 24 23:44:03 2015	1422164643	0	1160	1161	1135
Sat Jan 24 23:44:00 2015	1422164640	0	1161	1162	1089
Sat Jan 24 23:43:53 2015	1422164633	0	1163	1163	1150
Sat Jan 24 23:43:59 2015	1422164639	0	1164	1164	1154
Sat Jan 24 23:43:41 2015	1422164621	0	1165	1165	1140
Sat Jan 24 23:43:48 2015	1422164628	0	1170	1170	1168
Sat Jan 24 23:44:02 2015	1422164642	0	1170	1170	1112
Sat Jan 24 23:44:03 2015	1422164643	0	1175	1175	1138
Sat Jan 24 23:43:57 2015	1422164637	0	1178	1179	1120
Sat Jan 24 23:44:03 2015	1422164643	0	1179	1179	1161
Sat Jan 24 23:44:03 2015	1422164643	0	1183	1183	1164
Sat Jan 24 23:43:55 2015	1422164635	0	1184	1184	1179
Sat Jan 24 23:43:56 2015	1422164636	0	1185	1185	1073
Sat Jan 24 23:44:03 2015	1422164643	0	1186	1186	1179
Sat Jan 24 23:43:37 2015	1422164617	0	1187	1187	1114
Sat Jan 24 23:44:01 2015	1422164641	0	1188	1188	1120
Sat Jan 24 23:44:00 2015	1422164640	0	1190	1190	1078
Sat Jan 24 23:44:02 2015	1422164642	0	1193	1194	1160
Sat Jan 24 23:44:01 2015	1422164641	1	1202	1202	1191
Sat Jan 24 23:43:48 2015	1422164628	0	1203	1204	1194
Sat Jan 24 23:43:53 2015	1422164633	0	1218	1219	1172
Sat Jan 24 23:43:59 2015	1422164639	0	1224	1224	1190
Sat Jan 24 23:43:38 2015	1422164618	0	1227	1228	1218
Sat Jan 24 23:43:54 2015	1422164634	0	1230	1230	1171
Sat Jan 24 23:43:59 2015	1422164639	0	1230	1230	1216
Sat Jan 24 23:43:40 2015	1422164620	0	1230	1231	1071
Sat Jan 24 23:43:53 2015	1422164633	0	1235	1235	1201
Sat Jan 24 23:44:02 2015	1422164642	1	1237	1238	1176
Sat Jan 24 23:43:59 2015	1422164639	0	1243	1244	1220
Sat Jan 24 23:43:57 2015	1422164637	0	1247	1247	1240
Sat Jan 24 23:44:03 2015	1422164643	0	1249	1249	1244
Sat Jan 24 23:44:00 2015	1422164640	0	1254	1254	1229
Sat Jan 24 23:43:50 2015	1422164630	0	1256	1256	1142
Sat Jan 24 23:43:46 2015	1422164626	0	1264	1265	1263
Sat Jan 24 23:43:41 2015	1422164621	1	1268	1269	1265
Sat Jan 24 23:43:51 2015	1422164631	0	1269	1269	1262
Sat Jan 24 23:43:44 2015	1422164624	0	1270	1270	1245
Sat Jan 24 23:43:48 2015	1422164628	1	1278	1279	1276
Sat Jan 24 23:43:44 2015	1422164624	0	1289	1289	1121
Sat Jan 24 23:43:54 2015	1422164634	0	1299	1299	1166
Sat Jan 24 23:44:00 2015	1422164640	0	1301	1301	1239
Sat Jan 24 23:43:47 2015	1422164627	0	1304	1304	1234
Sat Jan 24 23:43:48 2015	1422164628	0	1305	1305	1221
Sat Jan 24 23:43:56 2015	1422164636	0	1305	1305	1159
Sat Jan 24 23:44:03 2015	1422164643	0	1307	1307	1299
Sat Jan 24 23:43:43 2015	1422164623	0	1310	1310	1309
Sat Jan 24 23:43:57 2015	1422164637	0	1315	1315	1192
Sat Jan 24 23:44:02 2015	1422164642	0	1316	1316	1304
Sat Jan 24 23:44:00 2015	1422164640	0	1317	1317	1303
Sat Jan 24 23:43:39 2015	1422164619	11	1309	1320	1300
Sat Jan 24 23:44:02 2015	1422164642	0	1322	1322	1320
Sat Jan 24 23:43:56 2015	1422164636	0	1323	1324	1309
Sat Jan 24 23:43:44 2015	1422164624	1	1324	1325	1312
Sat Jan 24 23:44:00 2015	1422164640	0	1327	1328	1320
Sat Jan 24 23:43:57 2015	1422164637	0	1331	1331	1331
Sat Jan 24 23:44:01 2015	1422164641	0	1335	1335	1143
Sat Jan 24 23:43:51 2015	1422164631	0	1342	1342	1282
Sat Jan 24 23:43:42 2015	1422164622	0	1342	1343	1232
Sat Jan 24 23:44:03 2015	1422164643	0	1343	1343	1339
Sat Jan 24 23:44:00 2015	1422164640	0	1344	1344	1337
Sat Jan 24 23:43:54 2015	1422164634	0	1346	1347	1236
Sat Jan 24 23:43:58 2015	1422164638	0	1347	1347	1319
Sat Jan 24 23:43:57 2015	1422164637	0	1349	1349	1319
Sat Jan 24 23:43:43 2015	1422164623	0	1357	1358	1186
Sat Jan 24 23:43:48 2015	1422164628	0	1357	1358	1352
Sat Jan 24 23:43:53 2015	1422164633	0	1358	1359	1304
Sat Jan 24 23:43:35 2015	1422164615	4	1356	1360	1326
Sat Jan 24 23:43:55 2015	1422164635	0	1363	1363	1339
Sat Jan 24 23:43:46 2015	1422164626	0	1365	1366	1365
Sat Jan 24 23:43:50 2015	1422164630	0	1367	1367	1356
Sat Jan 24 23:43:38 2015	1422164618	0	1377	1377	1337
Sat Jan 24 23:43:58 2015	1422164638	0	1378	1378	1351
Sat Jan 24 23:44:02 2015	1422164642	0	1378	1379	1343
Sat Jan 24 23:44:03 2015	1422164643	0	1380	1380	1379
Sat Jan 24 23:43:59 2015	1422164639	0	1380	1381	1296
Sat Jan 24 23:43:52 2015	1422164632	0	1382	1382	1217
Sat Jan 24 23:43:52 2015	1422164632	0	1382	1383	1362
Sat Jan 24 23:43:54 2015	1422164634	0	1383	1383	1330
Sat Jan 24 23:43:38 2015	1422164618	0	1384	1384	1315
Sat Jan 24 23:43:40 2015	1422164620	0	1383	1384	1323
Sat Jan 24 23:44:00 2015	1422164640	0	1384	1384	1352
Sat Jan 24 23:44:01 2015	1422164641	0	1389	1389	1366
Sat Jan 24 23:43:57 2015	1422164637	0	1389	1389	1323
Sat Jan 24 23:43:35 2015	1422164615	77	1315	1392	1262
Sat Jan 24 23:44:02 2015	1422164642	1	1400	1401	1340
Sat Jan 24 23:43:54 2015	1422164634	0	1401	1401	1378
Sat Jan 24 23:43:38 2015	1422164618	0	1405	1405	1198
Sat Jan 24 23:43:55 2015	1422164635	0	1406	1406	1381
Sat Jan 24 23:43:51 2015	1422164631	0	1409	1409	1406
Sat Jan 24 23:43:39 2015	1422164619	0	1409	1409	1365
Sat Jan 24 23:43:47 2015	1422164627	0	1410	1410	1393
Sat Jan 24 23:43:57 2015	1422164637	0	1411	1411	1400
Sat Jan 24 23:43:45 2015	1422164625	0	1412	1413	1368
Sat Jan 24 23:44:00 2015	1422164640	30	1385	1416	1347
Sat Jan 24 23:43:57 2015	1422164637	0	1420	1420	1284
Sat Jan 24 23:43:39 2015	1422164619	0	1425	1426	1375
Sat Jan 24 23:43:55 2015	1422164635	0	1426	1427	1392
Sat Jan 24 23:43:54 2015	1422164634	0	1431	1431	1341
Sat Jan 24 23:43:41 2015	1422164621	0	1436	1436	1421
Sat Jan 24 23:44:01 2015	1422164641	0	1442	1443	1418
Sat Jan 24 23:44:00 2015	1422164640	0	1443	1443	1391
Sat Jan 24 23:44:01 2015	1422164641	0	1449	1450	1395
Sat Jan 24 23:43:58 2015	1422164638	0	1450	1450	1431
Sat Jan 24 23:43:46 2015	1422164626	0	1451	1451	1427
Sat Jan 24 23:43:57 2015	1422164637	0	1454	1455	1359
Sat Jan 24 23:43:47 2015	1422164627	0	1455	1455	1450
Sat Jan 24 23:43:51 2015	1422164631	0	1458	1459	1239
Sat Jan 24 23:43:38 2015	1422164618	0	1461	1461	1422
Sat Jan 24 23:43:51 2015	1422164631	0	1465	1465	1439
Sat Jan 24 23:43:37 2015	1422164617	0	1470	1471	1168
Sat Jan 24 23:43:43 2015	1422164623	0	1475	1475	1473
Sat Jan 24 23:43:56 2015	1422164636	0	1476	1476	1467
Sat Jan 24 23:43:42 2015	1422164622	0	1479	1479	1390
Sat Jan 24 23:43:52 2015	1422164632	0	1481	1481	1341
Sat Jan 24 23:43:51 2015	1422164631	0	1483	1483	1457
Sat Jan 24 23:44:00 2015	1422164640	0	1487	1487	1431
Sat Jan 24 23:43:48 2015	1422164628	0	1488	1488	1436
Sat Jan 24 23:43:50 2015	1422164630	0	1491	1491	1399
Sat Jan 24 23:43:42 2015	1422164622	1	1499	1500	1349
Sat Jan 24 23:43:49 2015	1422164629	0	1500	1500	1443
Sat Jan 24 23:44:00 2015	1422164640	0	1500	1500	1469
Sat Jan 24 23:43:50 2015	1422164630	0	1504	1504	1470
Sat Jan 24 23:43:41 2015	1422164621	0	1505	1505	1421
Sat Jan 24 23:43:45 2015	1422164625	0	1506	1506	1468
Sat Jan 24 23:43:55 2015	1422164635	0	1512	1512	1413
Sat Jan 24 23:43:50 2015	1422164630	0	1517	1517	1438
Sat Jan 24 23:44:00 2015	1422164640	0	1517	1518	1483
Sat Jan 24 23:43:57 2015	1422164637	0	1529	1529	1344
Sat Jan 24 23:43:48 2015	1422164628	0	1530	1530	1312
Sat Jan 24 23:44:00 2015	1422164640	0	1531	1531	1475
Sat Jan 24 23:43:38 2015	1422164618	0	1531	1531	1486
Sat Jan 24 23:43:56 2015	1422164636	0	1534	1534	1505
Sat Jan 24 23:43:57 2015	1422164637	0	1538	1539	1509
Sat Jan 24 23:43:54 2015	1422164634	0	1541	1541	1499
Sat Jan 24 23:43:48 2015	1422164628	0	1543	1543	1527
Sat Jan 24 23:43:52 2015	1422164632	0	1545	1545	1505
Sat Jan 24 23:43:42 2015	1422164622	0	1551	1552	1405
Sat Jan 24 23:43:37 2015	1422164617	0	1553	1553	1530
Sat Jan 24 23:43:44 2015	1422164624	0	1554	1555	1488
Sat Jan 24 23:43:59 2015	1422164639	0	1555	1555	1535
Sat Jan 24 23:43:37 2015	1422164617	1	1558	1558	1491
Sat Jan 24 23:43:39 2015	1422164619	10	1555	1566	1552
Sat Jan 24 23:43:39 2015	1422164619	0	1568	1568	1517
Sat Jan 24 23:43:39 2015	1422164619	0	1568	1568	1556
Sat Jan 24 23:43:47 2015	1422164627	0	1569	1569	1537
Sat Jan 24 23:43:51 2015	1422164631	21	1552	1573	1539
Sat Jan 24 23:43:58 2015	1422164638	0	1576	1576	1556
Sat Jan 24 23:44:01 2015	1422164641	0	1581	1582	1550
Sat Jan 24 23:43:59 2015	1422164639	0	1583	1583	1578
Sat Jan 24 23:43:40 2015	1422164620	1	1584	1585	1584
Sat Jan 24 23:43:37 2015	1422164617	0	1594	1595	1535
Sat Jan 24 23:43:54 2015	1422164634	0	1607	1608	1593
Sat Jan 24 23:43:44 2015	1422164624	0	1609	1609	1537
Sat Jan 24 23:43:57 2015	1422164637	0	1615	1615	1612
Sat Jan 24 23:44:01 2015	1422164641	0	1617	1618	1550
Sat Jan 24 23:43:38 2015	1422164618	0	1623	1623	1615
Sat Jan 24 23:43:57 2015	1422164637	0	1633	1633	1608
Sat Jan 24 23:43:54 2015	1422164634	0	1634	1634	1603
Sat Jan 24 23:44:03 2015	1422164643	0	1634	1634	1631
Sat Jan 24 23:43:55 2015	1422164635	0	1635	1635	1625
Sat Jan 24 23:43:55 2015	1422164635	0	1635	1635	1623
Sat Jan 24 23:43:37 2015	1422164617	0	1636	1636	1513
Sat Jan 24 23:43:37 2015	1422164617	0	1637	1637	1597
Sat Jan 24 23:43:44 2015	1422164624	0	1637	1637	1509
Sat Jan 24 23:44:02 2015	1422164642	0	1641	1641	1606
Sat Jan 24 23:44:01 2015	1422164641	0	1645	1645	1511
Sat Jan 24 23:43:53 2015	1422164633	1	1647	1648	1646
Sat Jan 24 23:44:03 2015	1422164643	0	1648	1648	1630
Sat Jan 24 23:44:00 2015	1422164640	0	1649	1649	1628
Sat Jan 24 23:43:38 2015	1422164618	0	1649	1649	1470
Sat Jan 24 23:44:03 2015	1422164643	0	1650	1650	1648
Sat Jan 24 23:43:59 2015	1422164639	0	1655	1655	1625
Sat Jan 24 23:44:03 2015	1422164643	0	1657	1657	1647
Sat Jan 24 23:43:38 2015	1422164618	11	1648	1660	1553
Sat Jan 24 23:43:55 2015	1422164635	0	1664	1665	1652
Sat Jan 24 23:43:35 2015	1422164615	11	1658	1669	1610
Sat Jan 24 23:43:42 2015	1422164622	0	1674	1674	1655
Sat Jan 24 23:43:50 2015	1422164630	0	1674	1674	1661
Sat Jan 24 23:43:38 2015	1422164618	0	1674	1675	1653
Sat Jan 24 23:43:44 2015	1422164624	10	1665	1676	1612
Sat Jan 24 23:43:59 2015	1422164639	0	1676	1676	1674
Sat Jan 24 23:43:54 2015	1422164634	0	1682	1682	1626
Sat Jan 24 23:44:02 2015	1422164642	0	1684	1684	1638
Sat Jan 24 23:43:48 2015	1422164628	0	1685	1685	1655
Sat Jan 24 23:44:00 2015	1422164640	0	1687	1687	1673
Sat Jan 24 23:43:57 2015	1422164637	0	1690	1691	1313
Sat Jan 24 23:43:39 2015	1422164619	0	1691	1691	1496
Sat Jan 24 23:43:43 2015	1422164623	1	1690	1691	1520
Sat Jan 24 23:43:43 2015	1422164623	0	1691	1691	1581
Sat Jan 24 23:43:50 2015	1422164630	10	1681	1692	1656
Sat Jan 24 23:43:54 2015	1422164634	0	1692	1692	1611
Sat Jan 24 23:44:00 2015	1422164640	0	1696	1696	1666
Sat Jan 24 23:43:42 2015	1422164622	1	1695	1696	1693
Sat Jan 24 23:43:59 2015	1422164639	0	1696	1696	1673
Sat Jan 24 23:43:52 2015	1422164632	0	1703	1703	1635
Sat Jan 24 23:44:03 2015	1422164643	0	1704	1704	1701
Sat Jan 24 23:43:52 2015	1422164632	0	1704	1704	1560
Sat Jan 24 23:43:48 2015	1422164628	0	1704	1704	1505
Sat Jan 24 23:43:45 2015	1422164625	0	1714	1715	1701
Sat Jan 24 23:43:39 2015	1422164619	0	1718	1718	1580
Sat Jan 24 23:43:45 2015	1422164625	0	1718	1719	1717
Sat Jan 24 23:44:02 2015	1422164642	0	1721	1721	1640
Sat Jan 24 23:43:59 2015	1422164639	0	1722	1722	1674
Sat Jan 24 23:43:47 2015	1422164627	1	1727	1728	1679
Sat Jan 24 23:44:01 2015	1422164641	0	1729	1730	1711
Sat Jan 24 23:43:56 2015	1422164636	0	1730	1730	1648
Sat Jan 24 23:43:59 2015	1422164639	0	1731	1731	1704
Sat Jan 24 23:44:03 2015	1422164643	0	1731	1731	1663
Sat Jan 24 23:43:45 2015	1422164625	0	1734	1734	1684
Sat Jan 24 23:43:52 2015	1422164632	0	1734	1734	1732
Sat Jan 24 23:43:46 2015	1422164626	0	1738	1738	1707
Sat Jan 24 23:43:55 2015	1422164635	0	1746	1746	1718
Sat Jan 24 23:43:44 2015	1422164624	0	1750	1750	1677
Sat Jan 24 23:43:41 2015	1422164621	0	1752	1752	1642
Sat Jan 24 23:43:45 2015	1422164625	0	1754	1755	1680
Sat Jan 24 23:43:58 2015	1422164638	10	1747	1757	1656
Sat Jan 24 23:44:03 2015	1422164643	0	1766	1766	1730
Sat Jan 24 23:43:37 2015	1422164617	0	1766	1766	1696
Sat Jan 24 23:43:47 2015	1422164627	0	1767	1767	1756
Sat Jan 24 23:44:03 2015	1422164643	0	1768	1768	1765
Sat Jan 24 23:43:43 2015	1422164623	0	1769	1769	1701
Sat Jan 24 23:43:38 2015	1422164618	0	1770	1770	1695
Sat Jan 24 23:43:53 2015	1422164633	0	1774	1774	1729
Sat Jan 24 23:44:03 2015	1422164643	0	1775	1775	1769
Sat Jan 24 23:43:53 2015	1422164633	0	1778	1778	1733
Sat Jan 24 23:43:41 2015	1422164621	0	1779	1779	1761
Sat Jan 24 23:43:42 2015	1422164622	0	1780	1780	1603
Sat Jan 24 23:43:54 2015	1422164634	0	1780	1780	1764
Sat Jan 24 23:43:37 2015	1422164617	0	1781	1781	1720
Sat Jan 24 23:43:47 2015	1422164627	0	1781	1781	1763
Sat Jan 24 23:44:02 2015	1422164642	0	1788	1788	1771
Sat Jan 24 23:43:47 2015	1422164627	0	1788	1788	1766
Sat Jan 24 23:43:51 2015	1422164631	0	1788	1789	1744
Sat Jan 24 23:43:58 2015	1422164638	0	1790	1791	1728
Sat Jan 24 23:43:49 2015	1422164629	0	1792	1793	1773
Sat Jan 24 23:43:46 2015	1422164626	0	1793	1793	1742
Sat Jan 24 23:43:53 2015	1422164633	0	1796	1796	1796
Sat Jan 24 23:43:55 2015	1422164635	0	1798	1798	1769
Sat Jan 24 23:44:01 2015	1422164641	0	1799	1799	1715
Sat Jan 24 23:43:43 2015	1422164623	0	1802	1802	1746
Sat Jan 24 23:44:02 2015	1422164642	0	1803	1803	1742
Sat Jan 24 23:43:56 2015	1422164636	0	1803	1803	1681
Sat Jan 24 23:43:52 2015	1422164632	0	1804	1805	1516
Sat Jan 24 23:43:59 2015	1422164639	0	1807	1807	1785
Sat Jan 24 23:44:01 2015	1422164641	0	1807	1808	1741
Sat Jan 24 23:43:58 2015	1422164638	1	1807	1809	1791
Sat Jan 24 23:43:43 2015	1422164623	0	1810	1810	1735
Sat Jan 24 23:43:53 2015	1422164633	0	1810	1810	1744
Sat Jan 24 23:43:44 2015	1422164624	0	1814	1815	1790
Sat Jan 24 23:43:35 2015	1422164615	11	1804	1815	1761
Sat Jan 24 23:43:41 2015	1422164621	0	1815	1815	1636
Sat Jan 24 23:43:45 2015	1422164625	0	1816	1817	1726
Sat Jan 24 23:43:47 2015	1422164627	0	1819	1819	1782
Sat Jan 24 23:44:01 2015	1422164641	0	1820	1820	1798
Sat Jan 24 23:43:39 2015	1422164619	0	1820	1821	1754
Sat Jan 24 23:43:45 2015	1422164625	0	1821	1822	1813
Sat Jan 24 23:43:55 2015	1422164635	0	1823	1823	1820
Sat Jan 24 23:43:35 2015	1422164615	78	1745	1823	1705
Sat Jan 24 23:43:35 2015	1422164615	3	1821	1824	1810
Sat Jan 24 23:43:51 2015	1422164631	0	1830	1831	1583
Sat Jan 24 23:43:47 2015	1422164627	1	1832	1833	1611
Sat Jan 24 23:43:42 2015	1422164622	0	1837	1837	1790
Sat Jan 24 23:43:35 2015	1422164615	3	1838	1841	1801
Sat Jan 24 23:43:55 2015	1422164635	0	1842	1843	1787
Sat Jan 24 23:43:42 2015	1422164622	0	1843	1843	1275
Sat Jan 24 23:43:43 2015	1422164623	0	1843	1844	1596
Sat Jan 24 23:43:50 2015	1422164630	0	1847	1847	1817
Sat Jan 24 23:43:39 2015	1422164619	0	1847	1848	1847
Sat Jan 24 23:44:00 2015	1422164640	0	1848	1848	1744
Sat Jan 24 23:43:37 2015	1422164617	0	1853	1853	1557
Sat Jan 24 23:43:57 2015	1422164637	0	1855	1855	1758
Sat Jan 24 23:43:40 2015	1422164620	0	1856	1857	1708
Sat Jan 24 23:43:59 2015	1422164639	0	1857	1857	1592
Sat Jan 24 23:43:38 2015	1422164618	0	1857	1857	1814
Sat Jan 24 23:43:57 2015	1422164637	0	1863	1863	1830
Sat Jan 24 23:43:40 2015	1422164620	8	1862	1870	1738
Sat Jan 24 23:43:41 2015	1422164621	0	1871	1872	1826
Sat Jan 24 23:43:46 2015	1422164626	0	1871	1872	1871
Sat Jan 24 23:43:49 2015	1422164629	0	1878	1878	1800
Sat Jan 24 23:43:48 2015	1422164628	0	1879	1880	1705
Sat Jan 24 23:43:43 2015	1422164623	0	1883	1883	1854
Sat Jan 24 23:44:02 2015	1422164642	0	1884	1884	1856
Sat Jan 24 23:44:03 2015	1422164643	0	1884	1885	1880
Sat Jan 24 23:43:52 2015	1422164632	0	1885	1885	1800
Sat Jan 24 23:43:42 2015	1422164622	0	1885	1885	1853
Sat Jan 24 23:43:45 2015	1422164625	0	1885	1886	1863
Sat Jan 24 23:43:54 2015	1422164634	0	1887	1887	1779
Sat Jan 24 23:44:02 2015	1422164642	0	1888	1888	1881
Sat Jan 24 23:43:49 2015	1422164629	0	1889	1890	1804
Sat Jan 24 23:43:50 2015	1422164630	0	1894	1894	1865
Sat Jan 24 23:43:53 2015	1422164633	0	1896	1896	1838
Sat Jan 24 23:43:35 2015	1422164615	4	1895	1899	1874
Sat Jan 24 23:43:35 2015	1422164615	3	1897	1900	1876
Sat Jan 24 23:43:39 2015	1422164619	0	1901	1901	1831
Sat Jan 24 23:43:46 2015	1422164626	0	1902	1902	1900
Sat Jan 24 23:43:57 2015	1422164637	1	1902	1903	1766
Sat Jan 24 23:43:54 2015	1422164634	0	1905	1905	1686
Sat Jan 24 23:43:49 2015	1422164629	0	1905	1905	1466
Sat Jan 24 23:43:53 2015	1422164633	0	1905	1905	1896
Sat Jan 24 23:43:50 2015	1422164630	0	1909	1909	1881
Sat Jan 24 23:43:45 2015	1422164625	0	1910	1910	1864
Sat Jan 24 23:44:02 2015	1422164642	0	1910	1910	1907
Sat Jan 24 23:43:42 2015	1422164622	0	1913	1913	1852
Sat Jan 24 23:43:49 2015	1422164629	0	1914	1914	1813
Sat Jan 24 23:43:42 2015	1422164622	0	1920	1921	1894
Sat Jan 24 23:44:02 2015	1422164642	0	1925	1926	1915
Sat Jan 24 23:43:55 2015	1422164635	0	1926	1926	1842
Sat Jan 24 23:43:35 2015	1422164615	77	1850	1927	1821
Sat Jan 24 23:43:35 2015	1422164615	78	1850	1928	1808
Sat Jan 24 23:43:58 2015	1422164638	16	1913	1929	1887
Sat Jan 24 23:43:55 2015	1422164635	0	1932	1932	1817
Sat Jan 24 23:43:58 2015	1422164638	0	1933	1934	1876
Sat Jan 24 23:44:02 2015	1422164642	0	1934	1934	1916
Sat Jan 24 23:43:35 2015	1422164615	75	1862	1938	1512
Sat Jan 24 23:43:48 2015	1422164628	1	1938	1938	1893
Sat Jan 24 23:43:37 2015	1422164617	0	1940	1940	1935
Sat Jan 24 23:43:56 2015	1422164636	0	1945	1945	1923
Sat Jan 24 23:43:57 2015	1422164637	0	1947	1947	1860
Sat Jan 24 23:43:44 2015	1422164624	0	1948	1948	1915
Sat Jan 24 23:43:45 2015	1422164625	0	1949	1950	1924
Sat Jan 24 23:43:59 2015	1422164639	0	1951	1951	1923
Sat Jan 24 23:43:53 2015	1422164633	0	1952	1952	1896
Sat Jan 24 23:43:43 2015	1422164623	0	1957	1957	1904
Sat Jan 24 23:44:00 2015	1422164640	30	1928	1958	1828
Sat Jan 24 23:43:35 2015	1422164615	78	1886	1963	1868
Sat Jan 24 23:43:38 2015	1422164618	0	1969	1970	1966
Sat Jan 24 23:44:02 2015	1422164642	0	1970	1970	1958
Sat Jan 24 23:43:35 2015	1422164615	78	1894	1971	1889
Sat Jan 24 23:43:35 2015	1422164615	5	1967	1972	1934
Sat Jan 24 23:43:45 2015	1422164625	0	1973	1973	1829
Sat Jan 24 23:43:49 2015	1422164629	0	1975	1975	1931
Sat Jan 24 23:43:43 2015	1422164623	0	1982	1982	1976
Sat Jan 24 23:43:39 2015	1422164619	0	1982	1982	1892
Sat Jan 24 23:43:41 2015	1422164621	0	1984	1984	1868
Sat Jan 24 23:43:47 2015	1422164627	0	1985	1985	1930
Sat Jan 24 23:43:40 2015	1422164620	0	1985	1986	1949
Sat Jan 24 23:43:49 2015	1422164629	0	1990	1990	1973
Sat Jan 24 23:43:42 2015	1422164622	0	1992	1992	1874
Sat Jan 24 23:43:44 2015	1422164624	0	1992	1993	1881
Sat Jan 24 23:43:58 2015	1422164638	0	1999	1999	1935
Sat Jan 24 23:43:41 2015	1422164621	0	1999	1999	1957
Sat Jan 24 23:43:53 2015	1422164633	0	2002	2002	1973
Sat Jan 24 23:44:01 2015	1422164641	0	2004	2004	1983
Sat Jan 24 23:43:43 2015	1422164623	0	2007	2007	1992
Sat Jan 24 23:43:35 2015	1422164615	4	2006	2010	1972
Sat Jan 24 23:43:55 2015	1422164635	0	2014	2014	1964
Sat Jan 24 23:43:54 2015	1422164634	0	2015	2015	1958
Sat Jan 24 23:43:56 2015	1422164636	0	2015	2015	1962
Sat Jan 24 23:43:43 2015	1422164623	0	2015	2015	1789
Sat Jan 24 23:43:38 2015	1422164618	0	2016	2017	1983
Sat Jan 24 23:43:45 2015	1422164625	0	2017	2017	1971
Sat Jan 24 23:44:00 2015	1422164640	0	2018	2019	1902
Sat Jan 24 23:44:02 2015	1422164642	1	2022	2023	2019
Sat Jan 24 23:43:49 2015	1422164629	0	2023	2023	1883
Sat Jan 24 23:43:52 2015	1422164632	0	2027	2027	2022
Sat Jan 24 23:43:55 2015	1422164635	0	2029	2029	1861
Sat Jan 24 23:43:35 2015	1422164615	78	1958	2035	1944
Sat Jan 24 23:43:56 2015	1422164636	0	2050	2050	1756
Sat Jan 24 23:43:55 2015	1422164635	0	2052	2052	2048
Sat Jan 24 23:43:43 2015	1422164623	0	2054	2054	2045
Sat Jan 24 23:43:57 2015	1422164637	0	2055	2056	1865
Sat Jan 24 23:43:54 2015	1422164634	1	2058	2059	2029
Sat Jan 24 23:43:50 2015	1422164630	0	2063	2063	1858
Sat Jan 24 23:43:39 2015	1422164619	0	2067	2067	2061
Sat Jan 24 23:43:53 2015	1422164633	0	2069	2069	1837
Sat Jan 24 23:43:52 2015	1422164632	0	2069	2069	2021
Sat Jan 24 23:44:02 2015	1422164642	0	2072	2072	1945
Sat Jan 24 23:43:35 2015	1422164615	77	1996	2073	1960
Sat Jan 24 23:43:44 2015	1422164624	0	2079	2079	1910
Sat Jan 24 23:43:44 2015	1422164624	0	2080	2080	1855
Sat Jan 24 23:44:02 2015	1422164642	1	2080	2081	2020
Sat Jan 24 23:44:02 2015	1422164642	0	2081	2081	2058
Sat Jan 24 23:43:41 2015	1422164621	0	2082	2082	2049
Sat Jan 24 23:44:00 2015	1422164640	2	2082	2084	2045
Sat Jan 24 23:43:48 2015	1422164628	0	2087	2087	1741
Sat Jan 24 23:43:52 2015	1422164632	0	2088	2088	2035
Sat Jan 24 23:43:54 2015	1422164634	0	2089	2089	2018
Sat Jan 24 23:43:35 2015	1422164615	3	2088	2091	1901
Sat Jan 24 23:43:45 2015	1422164625	0	2094	2094	2027
Sat Jan 24 23:43:54 2015	1422164634	1	2095	2096	2043
Sat Jan 24 23:43:45 2015	1422164625	0	2101	2101	2083
Sat Jan 24 23:43:38 2015	1422164618	34	2068	2102	2052
Sat Jan 24 23:43:45 2015	1422164625	0	2103	2103	2097
Sat Jan 24 23:44:00 2015	1422164640	0	2106	2107	2061
Sat Jan 24 23:43:42 2015	1422164622	1	2107	2107	2093
Sat Jan 24 23:43:45 2015	1422164625	1	2110	2111	2042
Sat Jan 24 23:43:52 2015	1422164632	0	2111	2111	2048
Sat Jan 24 23:43:40 2015	1422164620	0	2112	2113	2091
Sat Jan 24 23:43:39 2015	1422164619	1	2116	2116	2099
Sat Jan 24 23:43:55 2015	1422164635	0	2117	2117	2024
Sat Jan 24 23:43:48 2015	1422164628	0	2118	2118	2110
Sat Jan 24 23:43:51 2015	1422164631	0	2120	2120	2077
Sat Jan 24 23:43:53 2015	1422164633	0	2121	2122	2074
Sat Jan 24 23:44:03 2015	1422164643	0	2122	2123	2117
Sat Jan 24 23:43:55 2015	1422164635	0	2126	2126	2031
Sat Jan 24 23:43:52 2015	1422164632	0	2130	2130	1947
Sat Jan 24 23:43:39 2015	1422164619	0	2131	2132	1900
Sat Jan 24 23:43:42 2015	1422164622	0	2134	2134	2094
Sat Jan 24 23:43:48 2015	1422164628	0	2134	2134	2105
Sat Jan 24 23:43:54 2015	1422164634	0	2134	2135	2076
Sat Jan 24 23:43:53 2015	1422164633	0	2135	2135	2090
Sat Jan 24 23:43:55 2015	1422164635	0	2137	2137	2105
Sat Jan 24 23:43:58 2015	1422164638	0	2137	2138	2099
Sat Jan 24 23:43:58 2015	1422164638	0	2138	2139	1905
Sat Jan 24 23:43:45 2015	1422164625	0	2152	2153	2111
Sat Jan 24 23:43:47 2015	1422164627	0	2160	2161	2021
Sat Jan 24 23:43:38 2015	1422164618	0	2161	2161	2160
Sat Jan 24 23:43:39 2015	1422164619	0	2161	2162	2083
Sat Jan 24 23:43:49 2015	1422164629	0	2162	2162	2122
Sat Jan 24 23:43:46 2015	1422164626	0	2163	2164	2130
Sat Jan 24 23:43:49 2015	1422164629	0	2164	2164	2087
Sat Jan 24 23:43:42 2015	1422164622	0	2165	2166	2099
Sat Jan 24 23:43:40 2015	1422164620	0	2166	2167	2113
Sat Jan 24 23:43:54 2015	1422164634	0	2167	2168	2126
Sat Jan 24 23:43:52 2015	1422164632	0	2168	2169	2075
Sat Jan 24 23:44:03 2015	1422164643	0	2170	2170	2160
Sat Jan 24 23:43:57 2015	1422164637	0	2170	2170	2002
Sat Jan 24 23:43:35 2015	1422164615	3	2167	2170	2144
Sat Jan 24 23:43:46 2015	1422164626	0	2171	2171	2017
Sat Jan 24 23:43:52 2015	1422164632	0	2171	2171	1979
Sat Jan 24 23:43:38 2015	1422164618	0	2172	2172	2050
Sat Jan 24 23:43:43 2015	1422164623	0	2172	2172	2093
Sat Jan 24 23:43:58 2015	1422164638	0	2174	2174	2132
Sat Jan 24 23:43:50 2015	1422164630	0	2175	2175	2007
Sat Jan 24 23:43:44 2015	1422164624	0	2179	2179	2125
Sat Jan 24 23:43:43 2015	1422164623	0	2181	2181	2121
Sat Jan 24 23:44:00 2015	1422164640	0	2187	2187	2173
Sat Jan 24 23:43:49 2015	1422164629	0	2192	2192	2116
Sat Jan 24 23:44:03 2015	1422164643	0	2193	2193	2191
Sat Jan 24 23:43:44 2015	1422164624	0	2194	2195	2140
Sat Jan 24 23:43:38 2015	1422164618	0	2195	2195	2185
Sat Jan 24 23:43:35 2015	1422164615	10	2188	2198	2184
Sat Jan 24 23:43:53 2015	1422164633	0	2199	2200	2160
Sat Jan 24 23:43:56 2015	1422164636	0	2200	2200	2186
Sat Jan 24 23:43:56 2015	1422164636	0	2203	2203	2166
Sat Jan 24 23:44:02 2015	1422164642	1	2204	2205	2078
Sat Jan 24 23:43:35 2015	1422164615	11	2194	2205	2177
Sat Jan 24 23:43:54 2015	1422164634	0	2205	2205	2116
Sat Jan 24 23:43:49 2015	1422164629	0	2206	2206	1989
Sat Jan 24 23:43:47 2015	1422164627	0	2207	2207	2033
Sat Jan 24 23:43:48 2015	1422164628	0	2210	2211	2178
Sat Jan 24 23:43:35 2015	1422164615	77	2134	2211	2131
Sat Jan 24 23:44:02 2015	1422164642	0	2212	2213	2205
Sat Jan 24 23:43:58 2015	1422164638	0	2213	2213	1994
Sat Jan 24 23:43:58 2015	1422164638	0	2213	2214	2200
Sat Jan 24 23:43:49 2015	1422164629	0	2214	2214	2173
Sat Jan 24 23:43:48 2015	1422164628	0	2220	2220	2048
Sat Jan 24 23:43:44 2015	1422164624	0	2220	2220	2092
Sat Jan 24 23:43:57 2015	1422164637	12	2209	2221	2139
Sat Jan 24 23:43:45 2015	1422164625	0	2221	2222	2130
Sat Jan 24 23:43:52 2015	1422164632	0	2224	2225	2163
Sat Jan 24 23:43:59 2015	1422164639	0	2227	2228	2169
Sat Jan 24 23:43:43 2015	1422164623	0	2228	2228	2202
Sat Jan 24 23:43:58 2015	1422164638	0	2228	2229	2202
Sat Jan 24 23:43:50 2015	1422164630	0	2229	2230	2107
Sat Jan 24 23:43:42 2015	1422164622	0	2230	2230	1957
Sat Jan 24 23:44:02 2015	1422164642	21	2213	2233	2179
Sat Jan 24 23:43:41 2015	1422164621	1	2234	2234	2143
Sat Jan 24 23:43:40 2015	1422164620	0	2234	2234	2105
Sat Jan 24 23:43:50 2015	1422164630	0	2242	2242	2187
Sat Jan 24 23:43:40 2015	1422164620	0	2244	2244	2212
Sat Jan 24 23:43:58 2015	1422164638	0	2245	2245	2243
Sat Jan 24 23:43:55 2015	1422164635	0	2246	2246	2198
Sat Jan 24 23:43:56 2015	1422164636	0	2248	2248	2127
Sat Jan 24 23:44:03 2015	1422164643	0	2250	2250	2243
Sat Jan 24 23:43:56 2015	1422164636	0	2252	2252	2224
Sat Jan 24 23:43:54 2015	1422164634	0	2252	2252	2187
Sat Jan 24 23:43:53 2015	1422164633	0	2255	2255	2091
Sat Jan 24 23:44:02 2015	1422164642	0	2256	2256	2234
Sat Jan 24 23:43:55 2015	1422164635	0	2256	2257	2231
Sat Jan 24 23:43:44 2015	1422164624	0	2261	2261	2046
Sat Jan 24 23:43:48 2015	1422164628	0	2261	2262	2174
Sat Jan 24 23:43:51 2015	1422164631	0	2262	2262	2236
Sat Jan 24 23:43:58 2015	1422164638	1	2262	2263	2259
Sat Jan 24 23:43:46 2015	1422164626	0	2264	2264	2209
Sat Jan 24 23:43:54 2015	1422164634	0	2264	2265	2254
Sat Jan 24 23:43:51 2015	1422164631	0	2265	2265	2251
Sat Jan 24 23:43:50 2015	1422164630	0	2267	2268	2144
Sat Jan 24 23:43:40 2015	1422164620	0	2267	2268	2212
Sat Jan 24 23:43:52 2015	1422164632	0	2268	2269	2255
Sat Jan 24 23:44:02 2015	1422164642	0	2273	2273	2233
Sat Jan 24 23:43:37 2015	1422164617	0	2276	2276	2258
Sat Jan 24 23:43:56 2015	1422164636	0	2279	2280	2198
Sat Jan 24 23:43:41 2015	1422164621	1	2280	2280	2267
Sat Jan 24 23:43:54 2015	1422164634	1	2280	2281	2236
Sat Jan 24 23:43:44 2015	1422164624	0	2285	2285	2039
Sat Jan 24 23:43:58 2015	1422164638	16	2269	2285	2241
Sat Jan 24 23:43:57 2015	1422164637	0	2286	2286	2205
Sat Jan 24 23:43:50 2015	1422164630	0	2292	2293	2171
Sat Jan 24 23:43:46 2015	1422164626	0	2292	2293	2226
Sat Jan 24 23:43:47 2015	1422164627	0	2301	2301	2277
Sat Jan 24 23:44:03 2015	1422164643	0	2302	2302	2298
Sat Jan 24 23:43:58 2015	1422164638	0	2302	2302	2198
Sat Jan 24 23:43:35 2015	1422164615	4	2299	2303	2244
Sat Jan 24 23:44:00 2015	1422164640	0	2311	2311	2123
Sat Jan 24 23:43:41 2015	1422164621	0	2313	2313	2266
Sat Jan 24 23:43:35 2015	1422164615	78	2238	2316	2215
Sat Jan 24 23:43:35 2015	1422164615	3	2315	2318	2275
Sat Jan 24 23:43:51 2015	1422164631	0	2318	2318	2227
Sat Jan 24 23:43:49 2015	1422164629	0	2320	2320	2198
Sat Jan 24 23:43:51 2015	1422164631	0	2321	2322	2113
Sat Jan 24 23:43:54 2015	1422164634	0	2323	2323	2233
Sat Jan 24 23:43:56 2015	1422164636	0	2326	2326	2170
Sat Jan 24 23:43:51 2015	1422164631	0	2330	2330	2316
Sat Jan 24 23:43:56 2015	1422164636	0	2334	2334	2232
Sat Jan 24 23:43:35 2015	1422164615	3	2342	2345	2315
Sat Jan 24 23:43:47 2015	1422164627	0	2348	2348	2306
Sat Jan 24 23:43:42 2015	1422164622	0	2350	2350	2295
Sat Jan 24 23:43:48 2015	1422164628	0	2350	2351	2261
Sat Jan 24 23:43:45 2015	1422164625	0	2351	2352	2350
Sat Jan 24 23:43:43 2015	1422164623	0	2354	2354	2318
Sat Jan 24 23:43:38 2015	1422164618	0	2355	2355	2352
Sat Jan 24 23:43:50 2015	1422164630	0	2359	2359	2248
Sat Jan 24 23:43:50 2015	1422164630	0	2360	2360	2338
Sat Jan 24 23:43:47 2015	1422164627	0	2363	2363	2223
Sat Jan 24 23:43:48 2015	1422164628	0	2363	2364	2348
Sat Jan 24 23:43:43 2015	1422164623	0	2367	2367	2339
Sat Jan 24 23:43:55 2015	1422164635	0	2372	2373	2369
Sat Jan 24 23:43:51 2015	1422164631	0	2374	2374	2308
Sat Jan 24 23:43:59 2015	1422164639	0	2376	2376	2304
Sat Jan 24 23:43:59 2015	1422164639	0	2376	2376	2075
Sat Jan 24 23:43:39 2015	1422164619	0	2376	2376	2326
Sat Jan 24 23:43:43 2015	1422164623	0	2376	2377	2328
Sat Jan 24 23:43:53 2015	1422164633	0	2378	2378	2129
Sat Jan 24 23:43:55 2015	1422164635	0	2379	2379	2259
Sat Jan 24 23:43:45 2015	1422164625	0	2383	2384	2366
Sat Jan 24 23:43:39 2015	1422164619	0	2385	2386	2027
Sat Jan 24 23:43:55 2015	1422164635	0	2386	2387	2238
Sat Jan 24 23:43:41 2015	1422164621	0	2389	2389	2363
Sat Jan 24 23:43:35 2015	1422164615	10	2379	2390	2361
Sat Jan 24 23:43:43 2015	1422164623	0	2391	2392	2345
Sat Jan 24 23:43:38 2015	1422164618	1	2393	2393	2388
Sat Jan 24 23:43:51 2015	1422164631	0	2395	2395	2372
Sat Jan 24 23:43:45 2015	1422164625	0	2396	2396	2359
Sat Jan 24 23:43:46 2015	1422164626	0	2399	2400	2086
Sat Jan 24 23:43:35 2015	1422164615	11	2391	2402	2365
Sat Jan 24 23:44:01 2015	1422164641	1	2402	2403	2347
Sat Jan 24 23:43:44 2015	1422164624	0	2407	2407	2396
Sat Jan 24 23:43:41 2015	1422164621	0	2407	2407	2362
Sat Jan 24 23:43:44 2015	1422164624	0	2410	2410	2196
Sat Jan 24 23:43:39 2015	1422164619	0	2410	2411	2309
Sat Jan 24 23:43:56 2015	1422164636	0	2415	2415	2361
Sat Jan 24 23:43:52 2015	1422164632	0	2415	2415	2252
Sat Jan 24 23:43:52 2015	1422164632	0	2418	2419	2396
Sat Jan 24 23:43:43 2015	1422164623	0	2422	2422	2412
Sat Jan 24 23:43:35 2015	1422164615	3	2422	2425	2266
Sat Jan 24 23:43:39 2015	1422164619	0	2425	2425	2386
Sat Jan 24 23:43:49 2015	1422164629	0	2425	2426	2233
Sat Jan 24 23:43:37 2015	1422164617	0	2426	2427	2412
Sat Jan 24 23:43:44 2015	1422164624	0	2428	2428	2419
Sat Jan 24 23:43:48 2015	1422164628	0	2428	2429	2422
Sat Jan 24 23:43:49 2015	1422164629	0	2429	2430	2427
Sat Jan 24 23:43:46 2015	1422164626	1	2432	2433	2394
Sat Jan 24 23:44:02 2015	1422164642	0	2435	2435	2406
Sat Jan 24 23:43:50 2015	1422164630	0	2435	2435	2435
Sat Jan 24 23:43:53 2015	1422164633	0	2436	2436	2352
Sat Jan 24 23:43:45 2015	1422164625	0	2436	2436	2235
Sat Jan 24 23:43:53 2015	1422164633	0	2438	2439	2243
Sat Jan 24 23:43:52 2015	1422164632	0	2440	2440	2310
Sat Jan 24 23:44:02 2015	1422164642	0	2444	2445	2417
Sat Jan 24 23:43:47 2015	1422164627	0	2447	2448	2415
Sat Jan 24 23:43:59 2015	1422164639	0	2448	2449	2357
Sat Jan 24 23:43:57 2015	1422164637	0	2460	2460	2314
Sat Jan 24 23:43:47 2015	1422164627	0	2461	2461	2456
Sat Jan 24 23:44:02 2015	1422164642	0	2462	2463	2453
Sat Jan 24 23:43:38 2015	1422164618	0	2464	2464	2464
Sat Jan 24 23:43:45 2015	1422164625	0	2467	2467	2435
Sat Jan 24 23:43:39 2015	1422164619	0	2469	2469	2312
Sat Jan 24 23:43:50 2015	1422164630	0	2471	2471	2411
Sat Jan 24 23:43:55 2015	1422164635	0	2471	2471	2459
Sat Jan 24 23:43:35 2015	1422164615	11	2462	2473	2395
Sat Jan 24 23:43:51 2015	1422164631	0	2474	2475	2379
Sat Jan 24 23:43:35 2015	1422164615	77	2402	2480	2385
Sat Jan 24 23:43:41 2015	1422164621	0	2480	2481	2303
Sat Jan 24 23:43:40 2015	1422164620	0	2482	2483	2445
Sat Jan 24 23:43:35 2015	1422164615	3	2480	2483	2381
Sat Jan 24 23:43:39 2015	1422164619	0	2487	2488	2481
Sat Jan 24 23:43:40 2015	1422164620	0	2488	2488	2479
Sat Jan 24 23:43:50 2015	1422164630	0	2490	2490	2489
Sat Jan 24 23:44:02 2015	1422164642	0	2498	2498	2374
Sat Jan 24 23:43:43 2015	1422164623	0	2500	2500	2465
Sat Jan 24 23:43:49 2015	1422164629	0	2501	2501	2354
Sat Jan 24 23:43:53 2015	1422164633	0	2501	2502	2438
Sat Jan 24 23:43:51 2015	1422164631	0	2503	2503	2303
Sat Jan 24 23:43:57 2015	1422164637	0	2508	2508	2358
Sat Jan 24 23:43:57 2015	1422164637	0	2512	2512	2400
Sat Jan 24 23:43:51 2015	1422164631	0	2512	2512	2449
Sat Jan 24 23:43:42 2015	1422164622	0	2513	2513	2502
Sat Jan 24 23:43:35 2015	1422164615	3	2512	2516	2026
Sat Jan 24 23:43:41 2015	1422164621	0	2519	2519	2436
Sat Jan 24 23:43:46 2015	1422164626	0	2521	2521	2513
Sat Jan 24 23:43:55 2015	1422164635	0	2524	2524	2478
Sat Jan 24 23:43:45 2015	1422164625	12	2518	2530	2459
Sat Jan 24 23:43:52 2015	1422164632	0	2531	2532	2478
Sat Jan 24 23:43:48 2015	1422164628	0	2531	2532	2482
Sat Jan 24 23:43:56 2015	1422164636	0	2532	2532	2532
Sat Jan 24 23:43:41 2015	1422164621	0	2533	2533	2481
Sat Jan 24 23:43:57 2015	1422164637	0	2533	2534	2262
Sat Jan 24 23:43:42 2015	1422164622	0	2535	2535	2341
Sat Jan 24 23:43:46 2015	1422164626	0	2536	2536	2514
Sat Jan 24 23:43:39 2015	1422164619	11	2528	2538	2487
Sat Jan 24 23:43:35 2015	1422164615	78	2461	2539	2248
Sat Jan 24 23:43:37 2015	1422164617	0	2542	2543	2541
Sat Jan 24 23:44:00 2015	1422164640	0	2550	2550	2135
Sat Jan 24 23:43:47 2015	1422164627	0	2551	2552	2427
Sat Jan 24 23:43:49 2015	1422164629	0	2556	2557	2453
Sat Jan 24 23:43:35 2015	1422164615	78	2482	2560	2430
Sat Jan 24 23:43:58 2015	1422164638	0	2564	2564	2494
Sat Jan 24 23:43:43 2015	1422164623	0	2565	2565	2487
Sat Jan 24 23:43:35 2015	1422164615	3	2565	2568	2539
Sat Jan 24 23:43:53 2015	1422164633	0	2570	2570	2429
Sat Jan 24 23:43:58 2015	1422164638	0	2570	2571	2369
Sat Jan 24 23:43:35 2015	1422164615	3	2569	2573	2432
Sat Jan 24 23:43:47 2015	1422164627	0	2575	2575	2565
Sat Jan 24 23:43:53 2015	1422164633	0	2580	2580	2394
Sat Jan 24 23:43:38 2015	1422164618	0	2580	2580	2579
Sat Jan 24 23:43:44 2015	1422164624	0	2585	2585	2488
Sat Jan 24 23:43:39 2015	1422164619	0	2594	2594	2558
Sat Jan 24 23:43:46 2015	1422164626	0	2605	2605	2587
Sat Jan 24 23:43:45 2015	1422164625	0	2606	2606	2545
Sat Jan 24 23:43:50 2015	1422164630	0	2607	2607	2589
Sat Jan 24 23:43:37 2015	1422164617	0	2607	2607	2548
Sat Jan 24 23:43:50 2015	1422164630	0	2611	2611	2498
Sat Jan 24 23:43:35 2015	1422164615	4	2612	2615	2350
Sat Jan 24 23:43:47 2015	1422164627	10	2605	2615	2586
Sat Jan 24 23:43:52 2015	1422164632	0	2616	2616	2527
Sat Jan 24 23:43:47 2015	1422164627	0	2619	2619	2561
Sat Jan 24 23:43:42 2015	1422164622	0	2622	2622	2367
Sat Jan 24 23:43:46 2015	1422164626	0	2622	2623	2476
Sat Jan 24 23:43:38 2015	1422164618	0	2623	2623	2618
Sat Jan 24 23:43:55 2015	1422164635	0	2626	2627	2626
Sat Jan 24 23:43:49 2015	1422164629	0	2628	2629	2564
Sat Jan 24 23:43:48 2015	1422164628	0	2631	2631	2576
Sat Jan 24 23:43:54 2015	1422164634	0	2631	2631	2129
Sat Jan 24 23:43:50 2015	1422164630	0	2632	2632	2551
Sat Jan 24 23:43:47 2015	1422164627	0	2632	2633	2608
Sat Jan 24 23:43:54 2015	1422164634	0	2633	2633	2509
Sat Jan 24 23:43:39 2015	1422164619	0	2633	2634	2534
Sat Jan 24 23:43:35 2015	1422164615	3	2632	2635	2540
Sat Jan 24 23:43:39 2015	1422164619	0	2635	2636	2327
Sat Jan 24 23:43:36 2015	1422164616	0	2637	2637	2351
Sat Jan 24 23:44:02 2015	1422164642	1	2639	2640	2627
Sat Jan 24 23:43:43 2015	1422164623	0	2641	2641	2545
Sat Jan 24 23:43:38 2015	1422164618	0	2643	2643	2570
Sat Jan 24 23:43:39 2015	1422164619	0	2643	2644	2537
Sat Jan 24 23:44:00 2015	1422164640	1	2648	2649	2562
Sat Jan 24 23:43:44 2015	1422164624	0	2651	2652	2441
Sat Jan 24 23:43:37 2015	1422164617	0	2654	2654	2594
Sat Jan 24 23:44:00 2015	1422164640	0	2654	2654	2615
Sat Jan 24 23:43:48 2015	1422164628	0	2655	2655	2554
Sat Jan 24 23:43:43 2015	1422164623	0	2657	2657	2576
Sat Jan 24 23:43:41 2015	1422164621	0	2659	2659	2569
Sat Jan 24 23:43:37 2015	1422164617	0	2662	2662	2319
Sat Jan 24 23:43:35 2015	1422164615	39	2626	2665	2562
Sat Jan 24 23:43:39 2015	1422164619	0	2668	2668	2485
Sat Jan 24 23:43:41 2015	1422164621	0	2672	2672	2356
Sat Jan 24 23:43:35 2015	1422164615	77	2599	2676	2484
Sat Jan 24 23:43:38 2015	1422164618	0	2678	2678	2661
Sat Jan 24 23:43:57 2015	1422164637	0	2679	2679	2658
Sat Jan 24 23:43:35 2015	1422164615	12	2672	2683	2544
Sat Jan 24 23:43:37 2015	1422164617	0	2690	2691	2604
Sat Jan 24 23:43:40 2015	1422164620	0	2692	2692	2674
Sat Jan 24 23:43:56 2015	1422164636	0	2696	2696	2664
Sat Jan 24 23:43:37 2015	1422164617	1	2696	2697	2639
Sat Jan 24 23:44:02 2015	1422164642	0	2702	2703	2701
Sat Jan 24 23:43:57 2015	1422164637	0	2705	2705	2608
Sat Jan 24 23:43:42 2015	1422164622	0	2708	2708	2584
Sat Jan 24 23:43:35 2015	1422164615	77	2633	2710	2568
Sat Jan 24 23:43:38 2015	1422164618	0	2710	2710	2524
Sat Jan 24 23:44:02 2015	1422164642	1	2711	2712	2694
Sat Jan 24 23:43:41 2015	1422164621	0	2714	2714	2655
Sat Jan 24 23:44:00 2015	1422164640	0	2714	2714	2647
Sat Jan 24 23:43:55 2015	1422164635	0	2718	2718	2660
Sat Jan 24 23:44:02 2015	1422164642	0	2722	2723	2722
Sat Jan 24 23:43:48 2015	1422164628	0	2723	2723	2432
Sat Jan 24 23:43:45 2015	1422164625	0	2724	2724	2451
Sat Jan 24 23:43:39 2015	1422164619	0	2724	2725	2632
Sat Jan 24 23:43:37 2015	1422164617	0	2727	2727	2688
Sat Jan 24 23:43:49 2015	1422164629	0	2733	2733	2693
Sat Jan 24 23:43:46 2015	1422164626	0	2734	2735	2612
Sat Jan 24 23:43:50 2015	1422164630	0	2737	2738	2457
Sat Jan 24 23:43:46 2015	1422164626	0	2738	2738	2629
Sat Jan 24 23:43:40 2015	1422164620	0	2739	2739	2666
Sat Jan 24 23:44:02 2015	1422164642	0	2742	2743	2698
Sat Jan 24 23:43:46 2015	1422164626	0	2743	2743	2574
Sat Jan 24 23:43:37 2015	1422164617	0	2743	2743	2729
Sat Jan 24 23:43:35 2015	1422164615	4	2744	2748	2709
Sat Jan 24 23:43:40 2015	1422164620	0	2747	2748	2679
Sat Jan 24 23:43:45 2015	1422164625	0	2750	2750	2352
Sat Jan 24 23:44:01 2015	1422164641	0	2751	2751	2733
Sat Jan 24 23:43:51 2015	1422164631	0	2752	2752	2605
Sat Jan 24 23:43:47 2015	1422164627	1	2755	2755	2747
Sat Jan 24 23:44:00 2015	1422164640	0	2755	2755	2595
Sat Jan 24 23:44:01 2015	1422164641	0	2758	2759	2744
Sat Jan 24 23:43:46 2015	1422164626	0	2759	2759	2504
Sat Jan 24 23:43:50 2015	1422164630	0	2760	2760	2477
Sat Jan 24 23:43:51 2015	1422164631	0	2763	2763	2755
Sat Jan 24 23:43:38 2015	1422164618	0	2769	2770	2759
Sat Jan 24 23:43:37 2015	1422164617	0	2771	2771	2688
Sat Jan 24 23:43:49 2015	1422164629	0	2772	2772	2724
Sat Jan 24 23:43:45 2015	1422164625	0	2773	2774	2654
Sat Jan 24 23:43:47 2015	1422164627	0	2773	2774	2711
Sat Jan 24 23:43:41 2015	1422164621	0	2774	2774	2660
Sat Jan 24 23:43:44 2015	1422164624	0	2779	2779	2731
Sat Jan 24 23:43:43 2015	1422164623	0	2780	2780	2719
Sat Jan 24 23:43:35 2015	1422164615	78	2703	2781	2552
Sat Jan 24 23:44:01 2015	1422164641	0	2782	2783	2722
Sat Jan 24 23:43:41 2015	1422164621	0	2785	2786	2677
Sat Jan 24 23:43:38 2015	1422164618	0	2788	2788	2738
Sat Jan 24 23:43:35 2015	1422164615	3	2790	2794	2766
Sat Jan 24 23:43:51 2015	1422164631	0	2798	2798	2715
Sat Jan 24 23:43:42 2015	1422164622	0	2798	2799	2761
Sat Jan 24 23:43:43 2015	1422164623	0	2799	2799	2774
Sat Jan 24 23:43:48 2015	1422164628	0	2800	2800	2759
Sat Jan 24 23:44:01 2015	1422164641	0	2800	2801	2635
Sat Jan 24 23:43:42 2015	1422164622	0	2802	2802	2491
Sat Jan 24 23:43:43 2015	1422164623	0	2803	2803	2669
Sat Jan 24 23:43:41 2015	1422164621	0	2805	2806	2605
Sat Jan 24 23:43:41 2015	1422164621	0	2807	2807	2749
Sat Jan 24 23:43:46 2015	1422164626	0	2808	2808	2619
Sat Jan 24 23:43:59 2015	1422164639	0	2814	2815	2655
Sat Jan 24 23:43:40 2015	1422164620	0	2817	2817	2637
Sat Jan 24 23:43:35 2015	1422164615	4	2814	2818	2745
Sat Jan 24 23:43:39 2015	1422164619	0	2820	2821	2798
Sat Jan 24 23:43:35 2015	1422164615	3	2819	2822	2786
Sat Jan 24 23:43:43 2015	1422164623	0	2822	2823	2737
Sat Jan 24 23:43:44 2015	1422164624	0	2824	2825	2441
Sat Jan 24 23:43:37 2015	1422164617	0	2827	2828	2808
Sat Jan 24 23:43:45 2015	1422164625	0	2829	2830	2758
Sat Jan 24 23:43:35 2015	1422164615	78	2753	2831	2688
Sat Jan 24 23:43:41 2015	1422164621	0	2835	2835	2807
Sat Jan 24 23:43:40 2015	1422164620	0	2837	2838	2553
Sat Jan 24 23:43:54 2015	1422164634	0	2838	2838	2685
Sat Jan 24 23:43:40 2015	1422164620	0	2840	2840	2607
Sat Jan 24 23:43:50 2015	1422164630	0	2841	2841	2439
Sat Jan 24 23:43:46 2015	1422164626	0	2842	2842	2816
Sat Jan 24 23:43:50 2015	1422164630	0	2845	2845	2713
Sat Jan 24 23:43:35 2015	1422164615	10	2835	2845	2736
Sat Jan 24 23:44:01 2015	1422164641	20	2828	2848	2793
Sat Jan 24 23:43:54 2015	1422164634	0	2852	2853	2837
Sat Jan 24 23:43:45 2015	1422164625	0	2857	2858	2726
Sat Jan 24 23:43:44 2015	1422164624	0	2859	2859	2850
Sat Jan 24 23:43:39 2015	1422164619	0	2860	2860	2702
Sat Jan 24 23:43:40 2015	1422164620	0	2864	2864	2661
Sat Jan 24 23:43:51 2015	1422164631	0	2866	2867	2740
Sat Jan 24 23:43:39 2015	1422164619	0	2869	2870	2768
Sat Jan 24 23:43:59 2015	1422164639	0	2870	2870	2751
Sat Jan 24 23:44:02 2015	1422164642	0	2870	2870	2836
Sat Jan 24 23:43:57 2015	1422164637	0	2871	2871	2682
Sat Jan 24 23:43:39 2015	1422164619	0	2871	2871	2760
Sat Jan 24 23:43:56 2015	1422164636	0	2871	2871	2740
Sat Jan 24 23:43:47 2015	1422164627	0	2873	2873	2793
Sat Jan 24 23:43:35 2015	1422164615	4	2872	2876	2809
Sat Jan 24 23:44:02 2015	1422164642	0	2877	2877	2829
Sat Jan 24 23:43:38 2015	1422164618	0	2880	2880	2871
Sat Jan 24 23:43:51 2015	1422164631	0	2882	2883	2761
Sat Jan 24 23:43:58 2015	1422164638	0	2882	2883	2620
Sat Jan 24 23:44:00 2015	1422164640	0	2883	2883	2877
Sat Jan 24 23:43:37 2015	1422164617	0	2898	2899	2827
Sat Jan 24 23:44:01 2015	1422164641	0	2900	2900	2817
Sat Jan 24 23:43:35 2015	1422164615	3	2899	2902	2872
Sat Jan 24 23:44:01 2015	1422164641	0	2902	2902	2856
Sat Jan 24 23:43:41 2015	1422164621	0	2902	2902	2763
Sat Jan 24 23:43:49 2015	1422164629	0	2903	2904	2852
Sat Jan 24 23:43:50 2015	1422164630	0	2905	2905	2838
Sat Jan 24 23:43:35 2015	1422164615	77	2830	2907	2807
Sat Jan 24 23:43:54 2015	1422164634	1	2913	2914	2760
Sat Jan 24 23:43:42 2015	1422164622	0	2917	2917	2883
Sat Jan 24 23:43:53 2015	1422164633	1	2919	2920	2808
Sat Jan 24 23:43:40 2015	1422164620	0	2926	2926	2723
Sat Jan 24 23:43:43 2015	1422164623	1	2927	2928	2927
Sat Jan 24 23:43:58 2015	1422164638	0	2928	2928	2575
Sat Jan 24 23:43:42 2015	1422164622	0	2930	2930	2908
Sat Jan 24 23:43:40 2015	1422164620	0	2932	2932	2786
Sat Jan 24 23:43:56 2015	1422164636	0	2933	2934	2886
Sat Jan 24 23:43:53 2015	1422164633	0	2933	2934	2893
Sat Jan 24 23:44:00 2015	1422164640	30	2904	2935	2902
Sat Jan 24 23:43:49 2015	1422164629	0	2935	2935	2921
Sat Jan 24 23:43:55 2015	1422164635	0	2939	2939	2647
Sat Jan 24 23:43:39 2015	1422164619	35	2906	2940	2798
Sat Jan 24 23:43:52 2015	1422164632	0	2942	2943	2937
Sat Jan 24 23:43:35 2015	1422164615	78	2865	2943	2738
Sat Jan 24 23:43:40 2015	1422164620	0	2948	2948	2886
Sat Jan 24 23:43:50 2015	1422164630	0	2949	2949	2881
Sat Jan 24 23:43:52 2015	1422164632	0	2949	2949	2891
Sat Jan 24 23:43:43 2015	1422164623	0	2959	2960	2895
Sat Jan 24 23:43:35 2015	1422164615	10	2951	2961	2765
Sat Jan 24 23:44:01 2015	1422164641	0	2962	2962	2943
Sat Jan 24 23:43:47 2015	1422164627	0	2963	2963	2772
Sat Jan 24 23:43:38 2015	1422164618	0	2965	2965	2711
Sat Jan 24 23:43:54 2015	1422164634	0	2972	2973	2820
Sat Jan 24 23:43:48 2015	1422164628	0	2973	2973	2960
Sat Jan 24 23:43:47 2015	1422164627	0	2980	2980	2777
Sat Jan 24 23:43:50 2015	1422164630	0	2983	2983	2934
Sat Jan 24 23:43:44 2015	1422164624	0	2985	2985	2393
Sat Jan 24 23:43:58 2015	1422164638	10	2976	2986	2910
Sat Jan 24 23:43:42 2015	1422164622	0	2990	2990	2948
Sat Jan 24 23:43:51 2015	1422164631	0	2992	2992	2822
Sat Jan 24 23:43:35 2015	1422164615	77	2916	2993	2744
Sat Jan 24 23:43:58 2015	1422164638	0	2994	2994	2933
Sat Jan 24 23:43:43 2015	1422164623	0	2994	2995	2672
Sat Jan 24 23:43:51 2015	1422164631	0	2997	2997	2956
Sat Jan 24 23:43:48 2015	1422164628	0	3000	3001	2926
Sat Jan 24 23:43:57 2015	1422164637	1	3001	3001	2982
Sat Jan 24 23:43:57 2015	1422164637	40	2963	3003	2744
Sat Jan 24 23:43:41 2015	1422164621	0	3005	3005	2914
Sat Jan 24 23:43:48 2015	1422164628	0	3007	3008	2962
Sat Jan 24 23:43:41 2015	1422164621	0	3008	3009	2937
Sat Jan 24 23:43:57 2015	1422164637	0	3009	3009	2787
Sat Jan 24 23:43:40 2015	1422164620	0	3011	3011	2868
Sat Jan 24 23:43:38 2015	1422164618	0	3011	3012	2918
Sat Jan 24 23:43:35 2015	1422164615	4	3010	3014	2859
Sat Jan 24 23:43:51 2015	1422164631	0	3018	3018	2806
Sat Jan 24 23:43:47 2015	1422164627	0	3020	3020	2745
Sat Jan 24 23:43:58 2015	1422164638	0	3023	3023	2821
Sat Jan 24 23:43:57 2015	1422164637	0	3026	3026	2872
Sat Jan 24 23:44:02 2015	1422164642	1	3028	3029	3007
Sat Jan 24 23:43:41 2015	1422164621	1	3028	3029	3018
Sat Jan 24 23:43:38 2015	1422164618	0	3031	3031	2960
Sat Jan 24 23:43:35 2015	1422164615	77	2955	3032	2721
Sat Jan 24 23:43:50 2015	1422164630	0	3034	3034	2883
Sat Jan 24 23:43:38 2015	1422164618	0	3039	3039	2958
Sat Jan 24 23:43:48 2015	1422164628	0	3042	3043	2966
Sat Jan 24 23:43:58 2015	1422164638	0	3045	3046	2929
Sat Jan 24 23:43:49 2015	1422164629	0	3046	3046	2956
Sat Jan 24 23:43:35 2015	1422164615	10	3044	3054	3024
Sat Jan 24 23:43:47 2015	1422164627	0	3054	3054	3006
Sat Jan 24 23:43:48 2015	1422164628	0	3058	3059	2653
Sat Jan 24 23:43:38 2015	1422164618	0	3059	3059	2994
Sat Jan 24 23:44:02 2015	1422164642	1	3062	3062	3005
Sat Jan 24 23:43:44 2015	1422164624	0	3064	3064	2848
Sat Jan 24 23:43:40 2015	1422164620	0	3069	3069	2996
Sat Jan 24 23:43:35 2015	1422164615	78	2999	3077	2980
Sat Jan 24 23:43:38 2015	1422164618	0	3080	3080	3073
Sat Jan 24 23:43:51 2015	1422164631	7	3078	3085	3059
Sat Jan 24 23:43:38 2015	1422164618	0	3087	3087	2152
Sat Jan 24 23:43:54 2015	1422164634	0	3087	3087	3050
Sat Jan 24 23:43:38 2015	1422164618	0	3088	3088	2830
Sat Jan 24 23:43:46 2015	1422164626	0	3090	3090	2782
Sat Jan 24 23:43:35 2015	1422164615	12	3084	3096	3001
Sat Jan 24 23:43:48 2015	1422164628	0	3097	3097	2550
Sat Jan 24 23:44:01 2015	1422164641	0	3102	3102	3081
Sat Jan 24 23:44:01 2015	1422164641	0	3102	3103	3014
Sat Jan 24 23:43:59 2015	1422164639	0	3103	3104	2926
Sat Jan 24 23:43:41 2015	1422164621	0	3105	3106	3080
Sat Jan 24 23:43:52 2015	1422164632	0	3108	3108	3015
Sat Jan 24 23:43:53 2015	1422164633	0	3108	3108	3061
Sat Jan 24 23:43:43 2015	1422164623	0	3114	3114	3047
Sat Jan 24 23:43:42 2015	1422164622	1	3114	3115	3001
Sat Jan 24 23:43:59 2015	1422164639	0	3115	3116	3100
Sat Jan 24 23:43:45 2015	1422164625	0	3116	3116	3048
Sat Jan 24 23:43:39 2015	1422164619	0	3118	3119	3016
Sat Jan 24 23:43:51 2015	1422164631	0	3120	3120	2802
Sat Jan 24 23:43:52 2015	1422164632	0	3123	3123	3055
Sat Jan 24 23:43:44 2015	1422164624	0	3126	3126	3070
Sat Jan 24 23:43:44 2015	1422164624	0	3126	3127	3077
Sat Jan 24 23:43:53 2015	1422164633	0	3127	3128	3091
Sat Jan 24 23:43:44 2015	1422164624	0	3130	3131	3039
Sat Jan 24 23:43:39 2015	1422164619	0	3131	3132	3018
Sat Jan 24 23:43:59 2015	1422164639	0	3132	3133	2967
Sat Jan 24 23:43:58 2015	1422164638	0	3140	3140	3087
Sat Jan 24 23:43:48 2015	1422164628	0	3141	3141	3096
Sat Jan 24 23:43:43 2015	1422164623	0	3142	3142	3132
Sat Jan 24 23:44:01 2015	1422164641	0	3143	3143	3117
Sat Jan 24 23:43:55 2015	1422164635	0	3143	3143	3115
Sat Jan 24 23:43:49 2015	1422164629	0	3145	3145	3005
Sat Jan 24 23:43:45 2015	1422164625	0	3146	3146	3119
Sat Jan 24 23:44:00 2015	1422164640	0	3148	3148	2964
Sat Jan 24 23:43:39 2015	1422164619	1	3149	3150	2921
Sat Jan 24 23:43:43 2015	1422164623	0	3152	3153	2988
Sat Jan 24 23:43:56 2015	1422164636	0	3154	3154	3088
Sat Jan 24 23:43:38 2015	1422164618	0	3157	3157	3027
Sat Jan 24 23:43:59 2015	1422164639	1	3160	3161	2921
Sat Jan 24 23:43:35 2015	1422164615	3	3158	3161	2872
Sat Jan 24 23:43:51 2015	1422164631	0	3166	3167	3054
Sat Jan 24 23:43:50 2015	1422164630	0	3167	3167	3113
Sat Jan 24 23:43:55 2015	1422164635	0	3171	3171	2951
Sat Jan 24 23:43:35 2015	1422164615	11	3163	3173	3050
Sat Jan 24 23:43:40 2015	1422164620	0	3175	3176	2964
Sat Jan 24 23:43:35 2015	1422164615	78	3105	3182	3082
Sat Jan 24 23:43:54 2015	1422164634	0	3184	3184	2987
Sat Jan 24 23:43:35 2015	1422164615	78	3108	3186	3086
Sat Jan 24 23:43:51 2015	1422164631	2	3184	3186	3071
Sat Jan 24 23:43:40 2015	1422164620	0	3190	3191	2998
Sat Jan 24 23:43:47 2015	1422164627	0	3191	3191	3077
Sat Jan 24 23:43:46 2015	1422164626	0	3191	3191	3021
Sat Jan 24 23:43:47 2015	1422164627	0	3192	3192	2718
Sat Jan 24 23:43:50 2015	1422164630	0	3193	3193	2656
Sat Jan 24 23:43:58 2015	1422164638	0	3194	3194	3129
Sat Jan 24 23:43:58 2015	1422164638	0	3197	3197	3064
Sat Jan 24 23:43:39 2015	1422164619	0	3198	3198	3078
Sat Jan 24 23:43:54 2015	1422164634	0	3208	3208	3172
Sat Jan 24 23:43:59 2015	1422164639	0	3212	3212	3211
Sat Jan 24 23:43:38 2015	1422164618	0	3216	3216	2903
Sat Jan 24 23:43:39 2015	1422164619	0	3217	3217	3143
Sat Jan 24 23:43:35 2015	1422164615	77	3141	3218	3082
Sat Jan 24 23:44:00 2015	1422164640	0	3220	3220	3119
Sat Jan 24 23:43:50 2015	1422164630	0	3220	3221	3177
Sat Jan 24 23:44:02 2015	1422164642	0	3222	3222	3218
Sat Jan 24 23:43:40 2015	1422164620	20	3202	3223	3197
Sat Jan 24 23:43:43 2015	1422164623	0	3227	3227	3096
Sat Jan 24 23:43:41 2015	1422164621	0	3230	3230	3059
Sat Jan 24 23:43:55 2015	1422164635	1	3230	3230	3186
Sat Jan 24 23:43:37 2015	1422164617	0	3232	3232	3165
Sat Jan 24 23:43:48 2015	1422164628	0	3235	3235	3177
Sat Jan 24 23:43:41 2015	1422164621	1	3237	3238	3007
Sat Jan 24 23:43:44 2015	1422164624	0	3239	3239	2895
Sat Jan 24 23:43:47 2015	1422164627	0	3241	3241	3174
Sat Jan 24 23:43:42 2015	1422164622	0	3242	3242	3232
Sat Jan 24 23:43:55 2015	1422164635	0	3243	3243	3108
Sat Jan 24 23:43:45 2015	1422164625	0	3246	3246	3239
Sat Jan 24 23:43:53 2015	1422164633	0	3248	3248	3134
Sat Jan 24 23:43:47 2015	1422164627	0	3248	3248	3115
Sat Jan 24 23:43:50 2015	1422164630	0	3250	3250	3171
Sat Jan 24 23:43:52 2015	1422164632	0	3252	3253	3139
Sat Jan 24 23:43:35 2015	1422164615	77	3175	3253	3101
Sat Jan 24 23:43:35 2015	1422164615	4	3250	3254	3181
Sat Jan 24 23:43:47 2015	1422164627	0	3257	3258	3210
Sat Jan 24 23:43:42 2015	1422164622	22	3236	3259	3105
Sat Jan 24 23:44:01 2015	1422164641	0	3260	3260	3237
Sat Jan 24 23:43:43 2015	1422164623	0	3260	3260	3107
Sat Jan 24 23:43:45 2015	1422164625	0	3266	3266	3029
Sat Jan 24 23:43:48 2015	1422164628	0	3270	3271	3152
Sat Jan 24 23:44:00 2015	1422164640	0	3272	3273	3210
Sat Jan 24 23:43:54 2015	1422164634	0	3275	3275	3039
Sat Jan 24 23:43:48 2015	1422164628	0	3276	3276	3236
Sat Jan 24 23:43:55 2015	1422164635	0	3279	3279	3278
Sat Jan 24 23:43:35 2015	1422164615	78	3202	3279	3194
Sat Jan 24 23:43:41 2015	1422164621	0	3284	3284	3197
Sat Jan 24 23:43:37 2015	1422164617	0	3286	3286	3277
Sat Jan 24 23:44:00 2015	1422164640	0	3286	3286	3228
Sat Jan 24 23:43:44 2015	1422164624	0	3287	3287	3170
Sat Jan 24 23:43:39 2015	1422164619	0	3290	3291	3211
Sat Jan 24 23:43:44 2015	1422164624	0	3293	3294	3207
Sat Jan 24 23:43:40 2015	1422164620	0	3303	3303	2992
Sat Jan 24 23:43:51 2015	1422164631	0	3303	3303	3128
Sat Jan 24 23:43:35 2015	1422164615	3	3301	3304	3164
Sat Jan 24 23:43:46 2015	1422164626	0	3307	3307	3218
Sat Jan 24 23:43:46 2015	1422164626	0	3307	3308	3255
Sat Jan 24 23:43:56 2015	1422164636	0	3310	3310	3219
Sat Jan 24 23:43:38 2015	1422164618	0	3312	3313	3211
Sat Jan 24 23:44:02 2015	1422164642	0	3314	3315	3302
Sat Jan 24 23:43:35 2015	1422164615	77	3238	3316	3218
Sat Jan 24 23:43:35 2015	1422164615	3	3313	3316	3159
Sat Jan 24 23:43:47 2015	1422164627	0	3316	3316	3245
Sat Jan 24 23:44:00 2015	1422164640	0	3318	3318	3128
Sat Jan 24 23:43:53 2015	1422164633	0	3319	3319	3180
Sat Jan 24 23:43:50 2015	1422164630	0	3322	3322	3307
Sat Jan 24 23:43:42 2015	1422164622	0	3324	3324	3250
Sat Jan 24 23:43:42 2015	1422164622	0	3324	3325	3257
Sat Jan 24 23:43:44 2015	1422164624	0	3331	3331	3245
Sat Jan 24 23:43:38 2015	1422164618	0	3336	3336	3233
Sat Jan 24 23:43:40 2015	1422164620	1	3338	3338	3101
Sat Jan 24 23:43:56 2015	1422164636	0	3340	3340	3297
Sat Jan 24 23:43:46 2015	1422164626	0	3341	3341	3287
Sat Jan 24 23:43:40 2015	1422164620	0	3341	3342	3267
Sat Jan 24 23:43:56 2015	1422164636	0	3343	3344	3194
Sat Jan 24 23:43:52 2015	1422164632	0	3343	3344	3273
Sat Jan 24 23:44:00 2015	1422164640	0	3344	3345	3144
Sat Jan 24 23:43:49 2015	1422164629	0	3349	3350	3326
Sat Jan 24 23:43:35 2015	1422164615	78	3274	3352	3261
Sat Jan 24 23:44:01 2015	1422164641	0	3356	3356	3229
Sat Jan 24 23:43:59 2015	1422164639	0	3358	3358	3142
Sat Jan 24 23:43:49 2015	1422164629	0	3358	3359	3272
Sat Jan 24 23:43:59 2015	1422164639	0	3361	3362	3278
Sat Jan 24 23:43:36 2015	1422164616	0	3368	3369	3252
Sat Jan 24 23:43:35 2015	1422164615	3	3367	3370	3288
Sat Jan 24 23:43:39 2015	1422164619	0	3370	3371	3234
Sat Jan 24 23:43:45 2015	1422164625	0	3370	3371	3261
Sat Jan 24 23:43:50 2015	1422164630	0	3376	3376	3202
Sat Jan 24 23:43:56 2015	1422164636	1	3379	3380	3346
Sat Jan 24 23:43:50 2015	1422164630	0	3381	3381	2910
Sat Jan 24 23:43:35 2015	1422164615	3	3380	3383	3274
Sat Jan 24 23:43:59 2015	1422164639	0	3384	3384	3247
Sat Jan 24 23:43:37 2015	1422164617	0	3384	3384	3383
Sat Jan 24 23:43:41 2015	1422164621	0	3388	3388	3020
Sat Jan 24 23:43:53 2015	1422164633	0	3393	3393	3272
Sat Jan 24 23:44:01 2015	1422164641	0	3393	3393	3335
Sat Jan 24 23:43:48 2015	1422164628	0	3396	3396	3221
Sat Jan 24 23:43:45 2015	1422164625	1	3400	3401	2939
Sat Jan 24 23:43:50 2015	1422164630	0	3405	3405	3352
Sat Jan 24 23:43:35 2015	1422164615	78	3330	3407	3329
Sat Jan 24 23:43:53 2015	1422164633	0	3408	3409	3318
Sat Jan 24 23:43:35 2015	1422164615	78	3332	3409	3271
Sat Jan 24 23:43:45 2015	1422164625	0	3417	3417	3233
Sat Jan 24 23:44:01 2015	1422164641	0	3430	3430	3422
Sat Jan 24 23:43:46 2015	1422164626	0	3431	3431	3394
Sat Jan 24 23:43:54 2015	1422164634	0	3433	3433	3412
Sat Jan 24 23:43:47 2015	1422164627	0	3433	3433	3433
Sat Jan 24 23:43:35 2015	1422164615	4	3430	3434	3245
Sat Jan 24 23:43:52 2015	1422164632	0	3439	3439	3380
Sat Jan 24 23:43:35 2015	1422164615	78	3367	3445	3238
Sat Jan 24 23:43:43 2015	1422164623	0	3467	3468	3288
Sat Jan 24 23:43:58 2015	1422164638	0	3467	3468	3394
Sat Jan 24 23:43:35 2015	1422164615	3	3467	3470	3413
Sat Jan 24 23:43:42 2015	1422164622	0	3470	3470	3064
Sat Jan 24 23:43:37 2015	1422164617	0	3471	3472	3346
Sat Jan 24 23:43:35 2015	1422164615	4	3468	3472	3412
Sat Jan 24 23:43:55 2015	1422164635	0	3475	3476	3414
Sat Jan 24 23:43:48 2015	1422164628	0	3479	3479	3261
Sat Jan 24 23:43:56 2015	1422164636	0	3479	3479	3369
Sat Jan 24 23:43:57 2015	1422164637	0	3481	3482	3393
Sat Jan 24 23:43:35 2015	1422164615	78	3408	3486	3235
Sat Jan 24 23:44:00 2015	1422164640	0	3490	3490	3427
Sat Jan 24 23:43:39 2015	1422164619	0	3491	3491	3380
Sat Jan 24 23:43:44 2015	1422164624	0	3493	3494	3212
Sat Jan 24 23:43:39 2015	1422164619	0	3496	3496	3371
Sat Jan 24 23:43:40 2015	1422164620	0	3498	3498	3299
Sat Jan 24 23:43:54 2015	1422164634	0	3498	3499	3070
Sat Jan 24 23:43:59 2015	1422164639	0	3501	3501	3416
Sat Jan 24 23:43:48 2015	1422164628	0	3502	3502	3445
Sat Jan 24 23:44:01 2015	1422164641	0	3506	3507	3466
Sat Jan 24 23:43:44 2015	1422164624	10	3501	3511	3277
Sat Jan 24 23:44:00 2015	1422164640	0	3511	3511	3404
Sat Jan 24 23:43:46 2015	1422164626	0	3513	3513	3355
Sat Jan 24 23:43:55 2015	1422164635	0	3513	3514	3426
Sat Jan 24 23:43:51 2015	1422164631	0	3518	3518	3324
Sat Jan 24 23:43:35 2015	1422164615	3	3516	3519	3268
Sat Jan 24 23:43:44 2015	1422164624	0	3524	3524	3506
Sat Jan 24 23:43:44 2015	1422164624	0	3527	3527	3437
Sat Jan 24 23:43:46 2015	1422164626	0	3527	3528	3454
Sat Jan 24 23:43:50 2015	1422164630	0	3527	3528	3351
Sat Jan 24 23:43:44 2015	1422164624	0	3528	3528	3299
Sat Jan 24 23:43:42 2015	1422164622	0	3530	3530	3339
Sat Jan 24 23:43:42 2015	1422164622	0	3531	3531	3293
Sat Jan 24 23:43:47 2015	1422164627	0	3541	3541	3509
Sat Jan 24 23:43:43 2015	1422164623	0	3542	3543	3438
Sat Jan 24 23:43:35 2015	1422164615	4	3540	3544	3434
Sat Jan 24 23:43:35 2015	1422164615	77	3468	3545	3304
Sat Jan 24 23:43:57 2015	1422164637	0	3545	3545	3366
Sat Jan 24 23:43:52 2015	1422164632	0	3547	3547	3396
Sat Jan 24 23:43:46 2015	1422164626	0	3550	3550	3266
Sat Jan 24 23:43:53 2015	1422164633	0	3561	3561	3254
Sat Jan 24 23:44:01 2015	1422164641	0	3561	3561	3543
Sat Jan 24 23:44:01 2015	1422164641	0	3563	3563	3416
Sat Jan 24 23:43:55 2015	1422164635	0	3566	3566	3536
Sat Jan 24 23:43:54 2015	1422164634	0	3573	3573	3343
Sat Jan 24 23:43:40 2015	1422164620	0	3577	3578	3317
Sat Jan 24 23:43:49 2015	1422164629	0	3580	3580	3555
Sat Jan 24 23:43:47 2015	1422164627	0	3581	3581	3535
Sat Jan 24 23:44:01 2015	1422164641	25	3559	3584	3516
Sat Jan 24 23:43:35 2015	1422164615	77	3516	3593	3419
Sat Jan 24 23:43:35 2015	1422164615	12	3582	3594	3408
Sat Jan 24 23:43:40 2015	1422164620	0	3594	3594	3462
Sat Jan 24 23:43:56 2015	1422164636	0	3600	3600	3582
Sat Jan 24 23:44:01 2015	1422164641	0	3605	3605	3596
Sat Jan 24 23:43:41 2015	1422164621	0	3611	3611	3519
Sat Jan 24 23:43:51 2015	1422164631	0	3613	3613	3568
Sat Jan 24 23:43:38 2015	1422164618	0	3615	3615	3405
Sat Jan 24 23:43:46 2015	1422164626	0	3622	3622	3437
Sat Jan 24 23:43:53 2015	1422164633	0	3631	3631	3395
Sat Jan 24 23:43:42 2015	1422164622	0	3631	3632	3571
Sat Jan 24 23:43:55 2015	1422164635	0	3639	3639	3391
Sat Jan 24 23:44:01 2015	1422164641	0	3639	3639	3620
Sat Jan 24 23:43:42 2015	1422164622	0	3642	3643	3422
Sat Jan 24 23:43:59 2015	1422164639	0	3643	3643	3605
Sat Jan 24 23:43:35 2015	1422164615	11	3634	3645	3471
Sat Jan 24 23:44:00 2015	1422164640	0	3647	3647	3536
Sat Jan 24 23:43:59 2015	1422164639	0	3651	3652	3470
Sat Jan 24 23:43:52 2015	1422164632	0	3656	3657	3442
Sat Jan 24 23:43:55 2015	1422164635	0	3657	3657	3486
Sat Jan 24 23:43:46 2015	1422164626	0	3657	3657	3527
Sat Jan 24 23:43:44 2015	1422164624	0	3660	3660	3297
Sat Jan 24 23:43:35 2015	1422164615	11	3650	3661	3490
Sat Jan 24 23:43:56 2015	1422164636	0	3672	3672	3637
Sat Jan 24 23:43:55 2015	1422164635	0	3673	3673	3544
Sat Jan 24 23:43:43 2015	1422164623	0	3676	3676	3654
Sat Jan 24 23:43:40 2015	1422164620	0	3678	3678	3349
Sat Jan 24 23:43:40 2015	1422164620	0	3680	3680	3602
Sat Jan 24 23:43:47 2015	1422164627	0	3681	3681	3590
Sat Jan 24 23:43:40 2015	1422164620	0	3705	3705	3530
Sat Jan 24 23:43:45 2015	1422164625	0	3709	3709	3461
Sat Jan 24 23:43:45 2015	1422164625	0	3712	3712	3679
Sat Jan 24 23:43:46 2015	1422164626	0	3718	3719	3604
Sat Jan 24 23:43:48 2015	1422164628	0	3719	3719	3508
Sat Jan 24 23:43:35 2015	1422164615	3	3719	3722	3333
Sat Jan 24 23:43:47 2015	1422164627	0	3722	3722	3637
Sat Jan 24 23:43:35 2015	1422164615	77	3647	3724	3531
Sat Jan 24 23:43:43 2015	1422164623	0	3731	3732	3434
Sat Jan 24 23:43:54 2015	1422164634	0	3732	3732	3548
Sat Jan 24 23:43:37 2015	1422164617	0	3735	3735	3279
Sat Jan 24 23:43:49 2015	1422164629	0	3740	3740	3716
Sat Jan 24 23:43:35 2015	1422164615	78	3664	3741	3552
Sat Jan 24 23:44:01 2015	1422164641	0	3742	3742	3729
Sat Jan 24 23:44:00 2015	1422164640	0	3760	3760	3758
Sat Jan 24 23:43:40 2015	1422164620	0	3764	3764	3505
Sat Jan 24 23:44:00 2015	1422164640	0	3764	3764	3713
Sat Jan 24 23:43:37 2015	1422164617	0	3765	3765	3428
Sat Jan 24 23:43:42 2015	1422164622	0	3770	3770	3757
Sat Jan 24 23:43:51 2015	1422164631	0	3775	3775	3339
Sat Jan 24 23:43:46 2015	1422164626	0	3777	3777	3369
Sat Jan 24 23:43:49 2015	1422164629	0	3790	3791	3778
Sat Jan 24 23:43:40 2015	1422164620	0	3794	3794	3762
Sat Jan 24 23:43:46 2015	1422164626	0	3797	3797	3617
Sat Jan 24 23:43:41 2015	1422164621	1	3804	3805	3702
Sat Jan 24 23:43:35 2015	1422164615	12	3795	3807	3608
Sat Jan 24 23:43:35 2015	1422164615	78	3731	3808	3569
Sat Jan 24 23:43:47 2015	1422164627	0	3808	3809	3451
Sat Jan 24 23:43:49 2015	1422164629	0	3810	3810	3780
Sat Jan 24 23:43:49 2015	1422164629	0	3812	3812	3505
Sat Jan 24 23:43:54 2015	1422164634	0	3812	3813	3696
Sat Jan 24 23:43:41 2015	1422164621	0	3813	3813	3782
Sat Jan 24 23:43:52 2015	1422164632	0	3817	3817	3292
Sat Jan 24 23:44:00 2015	1422164640	0	3833	3834	3673
Sat Jan 24 23:43:39 2015	1422164619	0	3835	3836	3656
Sat Jan 24 23:43:44 2015	1422164624	0	3839	3839	3538
Sat Jan 24 23:43:35 2015	1422164615	3	3840	3843	3604
Sat Jan 24 23:43:58 2015	1422164638	1	3842	3843	3719
Sat Jan 24 23:43:35 2015	1422164615	77	3766	3844	3412
Sat Jan 24 23:43:44 2015	1422164624	0	3850	3851	3695
Sat Jan 24 23:43:51 2015	1422164631	0	3852	3852	3842
Sat Jan 24 23:43:35 2015	1422164615	78	3795	3873	3551
Sat Jan 24 23:43:43 2015	1422164623	0	3883	3883	3612
Sat Jan 24 23:43:44 2015	1422164624	0	3885	3885	3853
Sat Jan 24 23:43:44 2015	1422164624	0	3888	3888	3799
Sat Jan 24 23:43:35 2015	1422164615	4	3892	3895	3724
Sat Jan 24 23:43:43 2015	1422164623	0	3906	3907	3862
Sat Jan 24 23:43:39 2015	1422164619	0	3906	3907	3860
Sat Jan 24 23:43:35 2015	1422164615	78	3833	3911	3559
Sat Jan 24 23:43:51 2015	1422164631	20	3911	3930	3895
Sat Jan 24 23:43:35 2015	1422164615	4	3939	3943	3323
Sat Jan 24 23:43:55 2015	1422164635	1	3958	3959	3863
Sat Jan 24 23:43:48 2015	1422164628	0	3970	3971	3773
Sat Jan 24 23:43:35 2015	1422164615	3	3971	3975	3763
Sat Jan 24 23:43:53 2015	1422164633	0	3977	3977	3770
Sat Jan 24 23:43:43 2015	1422164623	0	3983	3983	3854
Sat Jan 24 23:43:35 2015	1422164615	77	3906	3983	3682
Sat Jan 24 23:43:53 2015	1422164633	0	3990	3990	3916
Sat Jan 24 23:43:51 2015	1422164631	0	3996	3996	3890
Sat Jan 24 23:43:35 2015	1422164615	4	3994	3997	3885
Sat Jan 24 23:44:00 2015	1422164640	0	4008	4009	4006
Sat Jan 24 23:43:40 2015	1422164620	0	4011	4011	3843
Sat Jan 24 23:43:35 2015	1422164615	4	4013	4017	3739
Sat Jan 24 23:43:35 2015	1422164615	4	4017	4020	3833
Sat Jan 24 23:43:54 2015	1422164634	0	4025	4025	3808
Sat Jan 24 23:43:41 2015	1422164621	0	4027	4027	3960
Sat Jan 24 23:43:47 2015	1422164627	0	4027	4027	3966
Sat Jan 24 23:43:43 2015	1422164623	0	4033	4033	3971
Sat Jan 24 23:43:38 2015	1422164618	0	4034	4035	3764
Sat Jan 24 23:43:52 2015	1422164632	0	4044	4044	3889
Sat Jan 24 23:43:47 2015	1422164627	0	4047	4047	3720
Sat Jan 24 23:43:38 2015	1422164618	0	4056	4057	3760
Sat Jan 24 23:44:01 2015	1422164641	0	4066	4066	4064
Sat Jan 24 23:43:45 2015	1422164625	0	4071	4071	4021
Sat Jan 24 23:43:44 2015	1422164624	0	4079	4079	3878
Sat Jan 24 23:43:48 2015	1422164628	0	4082	4083	3766
Sat Jan 24 23:43:35 2015	1422164615	11	4073	4084	3845
Sat Jan 24 23:43:42 2015	1422164622	0	4089	4089	3977
Sat Jan 24 23:43:55 2015	1422164635	0	4091	4092	3989
Sat Jan 24 23:43:40 2015	1422164620	0	4095	4095	3983
Sat Jan 24 23:43:39 2015	1422164619	0	4096	4096	3600
Sat Jan 24 23:43:40 2015	1422164620	0	4102	4103	3958
Sat Jan 24 23:43:35 2015	1422164615	4	4103	4107	3988
Sat Jan 24 23:43:52 2015	1422164632	0	4112	4112	3782
Sat Jan 24 23:43:52 2015	1422164632	1	4114	4114	4067
Sat Jan 24 23:43:38 2015	1422164618	0	4116	4116	3928
Sat Jan 24 23:43:46 2015	1422164626	0	4128	4129	4105
Sat Jan 24 23:43:40 2015	1422164620	0	4133	4134	4070
Sat Jan 24 23:43:49 2015	1422164629	1	4150	4151	3849
Sat Jan 24 23:44:00 2015	1422164640	0	4156	4156	4133
Sat Jan 24 23:43:55 2015	1422164635	0	4162	4162	3954
Sat Jan 24 23:43:47 2015	1422164627	0	4162	4162	3989
Sat Jan 24 23:43:35 2015	1422164615	4	4160	4164	4009
Sat Jan 24 23:43:35 2015	1422164615	78	4087	4164	4001
Sat Jan 24 23:43:59 2015	1422164639	0	4171	4171	4062
Sat Jan 24 23:43:52 2015	1422164632	0	4176	4176	4151
Sat Jan 24 23:43:35 2015	1422164615	12	4177	4189	3979
Sat Jan 24 23:43:44 2015	1422164624	0	4191	4191	4064
Sat Jan 24 23:43:35 2015	1422164615	78	4128	4206	3856
Sat Jan 24 23:43:49 2015	1422164629	0	4211	4211	4189
Sat Jan 24 23:43:39 2015	1422164619	0	4212	4212	4080
Sat Jan 24 23:43:44 2015	1422164624	0	4222	4222	3908
Sat Jan 24 23:43:35 2015	1422164615	3	4220	4223	3890
Sat Jan 24 23:43:55 2015	1422164635	0	4225	4225	3968
Sat Jan 24 23:43:49 2015	1422164629	0	4230	4231	4098
Sat Jan 24 23:43:56 2015	1422164636	0	4231	4231	4123
Sat Jan 24 23:43:58 2015	1422164638	16	4224	4240	3635
Sat Jan 24 23:43:44 2015	1422164624	0	4256	4256	3833
Sat Jan 24 23:43:50 2015	1422164630	13	4250	4263	4011
Sat Jan 24 23:43:40 2015	1422164620	8	4256	4264	4067
Sat Jan 24 23:43:50 2015	1422164630	0	4265	4266	3721
Sat Jan 24 23:43:45 2015	1422164625	0	4271	4271	4087
Sat Jan 24 23:43:37 2015	1422164617	0	4288	4288	4023
Sat Jan 24 23:43:50 2015	1422164630	0	4303	4303	4259
Sat Jan 24 23:43:35 2015	1422164615	3	4301	4304	4257
Sat Jan 24 23:43:35 2015	1422164615	4	4301	4305	3604
Sat Jan 24 23:44:00 2015	1422164640	0	4308	4308	4228
Sat Jan 24 23:43:55 2015	1422164635	0	4313	4313	4100
Sat Jan 24 23:43:53 2015	1422164633	0	4316	4317	4242
Sat Jan 24 23:43:43 2015	1422164623	0	4328	4328	4152
Sat Jan 24 23:43:40 2015	1422164620	0	4333	4333	4129
Sat Jan 24 23:43:57 2015	1422164637	0	4347	4347	4270
Sat Jan 24 23:43:47 2015	1422164627	0	4348	4348	4311
Sat Jan 24 23:43:35 2015	1422164615	77	4289	4366	4032
Sat Jan 24 23:43:48 2015	1422164628	1	4369	4369	4169
Sat Jan 24 23:43:41 2015	1422164621	0	4375	4375	4310
Sat Jan 24 23:43:39 2015	1422164619	0	4380	4380	4254
Sat Jan 24 23:43:51 2015	1422164631	0	4385	4385	3968
Sat Jan 24 23:43:40 2015	1422164620	0	4392	4392	4280
Sat Jan 24 23:43:58 2015	1422164638	0	4394	4394	4101
Sat Jan 24 23:43:35 2015	1422164615	77	4323	4401	3921
Sat Jan 24 23:43:44 2015	1422164624	0	4412	4412	4362
Sat Jan 24 23:43:49 2015	1422164629	0	4416	4416	4388
Sat Jan 24 23:43:35 2015	1422164615	1112	3316	4428	3118
Sat Jan 24 23:43:58 2015	1422164638	0	4437	4437	4346
Sat Jan 24 23:43:46 2015	1422164626	0	4446	4446	4421
Sat Jan 24 23:43:43 2015	1422164623	0	4447	4447	4217
Sat Jan 24 23:43:35 2015	1422164615	77	4392	4469	4345
Sat Jan 24 23:43:35 2015	1422164615	3	4467	4470	4258
Sat Jan 24 23:43:48 2015	1422164628	0	4473	4473	4433
Sat Jan 24 23:43:48 2015	1422164628	0	4476	4476	4178
Sat Jan 24 23:43:35 2015	1422164615	78	4409	4487	4136
Sat Jan 24 23:43:43 2015	1422164623	0	4487	4487	3863
Sat Jan 24 23:43:39 2015	1422164619	0	4497	4497	4317
Sat Jan 24 23:43:41 2015	1422164621	0	4500	4500	4449
Sat Jan 24 23:43:55 2015	1422164635	0	4514	4514	4477
Sat Jan 24 23:43:38 2015	1422164618	0	4514	4515	4245
Sat Jan 24 23:43:42 2015	1422164622	0	4520	4520	3880
Sat Jan 24 23:43:35 2015	1422164615	78	4444	4522	4166
Sat Jan 24 23:43:45 2015	1422164625	0	4524	4524	4392
Sat Jan 24 23:43:45 2015	1422164625	0	4527	4528	4229
Sat Jan 24 23:43:54 2015	1422164634	0	4529	4529	4183
Sat Jan 24 23:43:59 2015	1422164639	0	4535	4535	4307
Sat Jan 24 23:43:58 2015	1422164638	0	4537	4537	4458
Sat Jan 24 23:43:39 2015	1422164619	0	4542	4542	4392
Sat Jan 24 23:43:35 2015	1422164615	11	4537	4548	4458
Sat Jan 24 23:43:43 2015	1422164623	0	4560	4560	4437
Sat Jan 24 23:43:35 2015	1422164615	78	4494	4572	4348
Sat Jan 24 23:43:59 2015	1422164639	0	4579	4579	4479
Sat Jan 24 23:43:35 2015	1422164615	4	4594	4598	4200
Sat Jan 24 23:43:57 2015	1422164637	1	4617	4618	4194
Sat Jan 24 23:43:35 2015	1422164615	3	4619	4623	4470
Sat Jan 24 23:44:00 2015	1422164640	0	4624	4624	4588
Sat Jan 24 23:43:44 2015	1422164624	0	4628	4629	4572
Sat Jan 24 23:43:40 2015	1422164620	0	4631	4631	4342
Sat Jan 24 23:43:46 2015	1422164626	0	4639	4639	4624
Sat Jan 24 23:43:38 2015	1422164618	0	4642	4642	4616
Sat Jan 24 23:43:37 2015	1422164617	0	4651	4652	4622
Sat Jan 24 23:43:56 2015	1422164636	0	4662	4663	4603
Sat Jan 24 23:43:48 2015	1422164628	0	4662	4663	4500
Sat Jan 24 23:43:44 2015	1422164624	0	4663	4663	4487
Sat Jan 24 23:43:35 2015	1422164615	12	4654	4666	4558
Sat Jan 24 23:43:35 2015	1422164615	78	4597	4675	4407
Sat Jan 24 23:43:59 2015	1422164639	2	4683	4685	4650
Sat Jan 24 23:44:00 2015	1422164640	30	4660	4690	4637
Sat Jan 24 23:43:40 2015	1422164620	0	4695	4696	4178
Sat Jan 24 23:43:50 2015	1422164630	0	4716	4716	4408
Sat Jan 24 23:43:52 2015	1422164632	0	4724	4725	4619
Sat Jan 24 23:43:35 2015	1422164615	1113	3616	4729	3557
Sat Jan 24 23:43:42 2015	1422164622	0	4760	4760	3877
Sat Jan 24 23:43:43 2015	1422164623	0	4783	4783	4513
Sat Jan 24 23:43:56 2015	1422164636	0	4783	4783	4726
Sat Jan 24 23:43:56 2015	1422164636	0	4784	4784	4125
Sat Jan 24 23:43:43 2015	1422164623	0	4807	4807	4742
Sat Jan 24 23:43:39 2015	1422164619	0	4827	4827	4609
Sat Jan 24 23:43:44 2015	1422164624	0	4831	4832	4551
Sat Jan 24 23:43:57 2015	1422164637	0	4867	4867	4798
Sat Jan 24 23:43:35 2015	1422164615	3	4865	4867	4680
Sat Jan 24 23:43:35 2015	1422164615	4	4865	4869	4389
Sat Jan 24 23:43:45 2015	1422164625	0	4881	4881	4809
Sat Jan 24 23:43:45 2015	1422164625	0	4891	4891	4438
Sat Jan 24 23:43:50 2015	1422164630	0	4906	4907	4697
Sat Jan 24 23:43:50 2015	1422164630	0	4908	4908	4676
Sat Jan 24 23:44:00 2015	1422164640	0	4919	4920	4907
Sat Jan 24 23:43:57 2015	1422164637	1	4925	4926	4219
Sat Jan 24 23:43:54 2015	1422164634	0	4929	4929	4653
Sat Jan 24 23:43:39 2015	1422164619	0	4947	4947	4756
Sat Jan 24 23:43:35 2015	1422164615	4	4950	4954	3668
Sat Jan 24 23:43:35 2015	1422164615	78	4881	4958	4595
Sat Jan 24 23:43:37 2015	1422164617	0	4971	4971	4834
Sat Jan 24 23:43:53 2015	1422164633	0	4986	4986	4925
Sat Jan 24 23:43:50 2015	1422164630	0	4987	4987	4957
Sat Jan 24 23:44:00 2015	1422164640	0	5000	5000	4917
Sat Jan 24 23:43:35 2015	1422164615	4	5004	5008	4894
Sat Jan 24 23:44:00 2015	1422164640	0	5009	5010	4976
Sat Jan 24 23:43:42 2015	1422164622	0	5022	5022	4929
Sat Jan 24 23:43:47 2015	1422164627	0	5023	5023	4904
Sat Jan 24 23:43:59 2015	1422164639	0	5028	5029	4968
Sat Jan 24 23:43:35 2015	1422164615	3	5033	5036	4534
Sat Jan 24 23:43:35 2015	1422164615	11	5028	5038	4920
Sat Jan 24 23:43:57 2015	1422164637	0	5042	5042	4856
Sat Jan 24 23:43:38 2015	1422164618	0	5043	5043	4924
Sat Jan 24 23:43:54 2015	1422164634	0	5049	5049	4837
Sat Jan 24 23:43:35 2015	1422164615	3	5048	5051	4865
Sat Jan 24 23:43:54 2015	1422164634	0	5057	5057	4567
Sat Jan 24 23:43:51 2015	1422164631	0	5058	5058	4953
Sat Jan 24 23:43:53 2015	1422164633	0	5064	5064	4796
Sat Jan 24 23:43:38 2015	1422164618	0	5072	5073	4773
Sat Jan 24 23:43:49 2015	1422164629	0	5077	5077	4781
Sat Jan 24 23:43:38 2015	1422164618	0	5080	5081	4999
Sat Jan 24 23:43:41 2015	1422164621	0	5088	5088	4538
Sat Jan 24 23:43:35 2015	1422164615	4	5086	5090	4825
Sat Jan 24 23:43:35 2015	1422164615	3	5095	5098	4983
Sat Jan 24 23:43:52 2015	1422164632	0	5148	5148	4976
Sat Jan 24 23:43:38 2015	1422164618	0	5165	5165	4604
Sat Jan 24 23:43:58 2015	1422164638	0	5174	5174	4495
Sat Jan 24 23:43:47 2015	1422164627	0	5185	5185	5103
Sat Jan 24 23:43:41 2015	1422164621	0	5186	5187	4907
Sat Jan 24 23:43:49 2015	1422164629	0	5187	5187	4925
Sat Jan 24 23:43:40 2015	1422164620	0	5191	5191	5067
Sat Jan 24 23:43:37 2015	1422164617	0	5240	5240	5025
Sat Jan 24 23:43:52 2015	1422164632	0	5261	5261	4947
Sat Jan 24 23:43:57 2015	1422164637	0	5263	5264	5225
Sat Jan 24 23:43:59 2015	1422164639	0	5264	5264	5224
Sat Jan 24 23:43:54 2015	1422164634	0	5269	5269	5167
Sat Jan 24 23:43:44 2015	1422164624	0	5269	5269	4842
Sat Jan 24 23:43:59 2015	1422164639	0	5276	5277	5112
Sat Jan 24 23:43:49 2015	1422164629	0	5286	5286	5074
Sat Jan 24 23:43:59 2015	1422164639	0	5307	5307	5275
Sat Jan 24 23:43:59 2015	1422164639	0	5341	5341	5230
Sat Jan 24 23:43:59 2015	1422164639	0	5343	5343	5217
Sat Jan 24 23:43:43 2015	1422164623	0	5356	5357	5130
Sat Jan 24 23:43:42 2015	1422164622	0	5359	5359	5173
Sat Jan 24 23:43:35 2015	1422164615	77	5284	5362	5178
Sat Jan 24 23:43:35 2015	1422164615	78	5284	5362	4847
Sat Jan 24 23:43:35 2015	1422164615	3	5360	5363	5128
Sat Jan 24 23:43:39 2015	1422164619	0	5368	5369	5125
Sat Jan 24 23:43:51 2015	1422164631	0	5426	5427	5156
Sat Jan 24 23:43:44 2015	1422164624	0	5434	5434	4598
Sat Jan 24 23:43:51 2015	1422164631	0	5434	5435	5005
Sat Jan 24 23:43:35 2015	1422164615	11	5435	5446	4928
Sat Jan 24 23:43:53 2015	1422164633	0	5449	5449	5057
Sat Jan 24 23:43:53 2015	1422164633	0	5460	5460	5447
Sat Jan 24 23:43:55 2015	1422164635	0	5468	5469	5080
Sat Jan 24 23:43:35 2015	1422164615	4	5499	5504	5406
Sat Jan 24 23:43:35 2015	1422164615	77	5432	5509	5313
Sat Jan 24 23:43:58 2015	1422164638	0	5544	5544	5482
Sat Jan 24 23:43:49 2015	1422164629	0	5553	5553	4911
Sat Jan 24 23:43:48 2015	1422164628	0	5565	5565	5109
Sat Jan 24 23:43:51 2015	1422164631	0	5570	5570	5042
Sat Jan 24 23:43:46 2015	1422164626	0	5572	5572	4874
Sat Jan 24 23:43:47 2015	1422164627	0	5574	5574	5456
Sat Jan 24 23:43:39 2015	1422164619	0	5577	5577	5346
Sat Jan 24 23:43:58 2015	1422164638	0	5578	5579	5294
Sat Jan 24 23:43:42 2015	1422164622	0	5615	5615	5299
Sat Jan 24 23:43:45 2015	1422164625	0	5623	5623	5611
Sat Jan 24 23:43:57 2015	1422164637	0	5624	5624	5464
Sat Jan 24 23:43:40 2015	1422164620	0	5626	5626	5490
Sat Jan 24 23:43:45 2015	1422164625	0	5632	5632	5588
Sat Jan 24 23:43:54 2015	1422164634	0	5664	5664	5449
Sat Jan 24 23:43:40 2015	1422164620	0	5682	5683	5649
Sat Jan 24 23:43:40 2015	1422164620	0	5695	5695	5344
Sat Jan 24 23:43:35 2015	1422164615	3	5708	5711	5296
Sat Jan 24 23:43:35 2015	1422164615	3	5710	5713	5703
Sat Jan 24 23:43:57 2015	1422164637	0	5744	5744	5277
Sat Jan 24 23:43:41 2015	1422164621	0	5749	5749	5146
Sat Jan 24 23:43:59 2015	1422164639	0	5759	5760	5661
Sat Jan 24 23:43:50 2015	1422164630	0	5767	5767	5440
Sat Jan 24 23:43:53 2015	1422164633	0	5769	5769	5703
Sat Jan 24 23:43:49 2015	1422164629	0	5774	5775	5560
Sat Jan 24 23:43:52 2015	1422164632	0	5779	5780	5671
Sat Jan 24 23:43:47 2015	1422164627	0	5788	5789	5594
Sat Jan 24 23:43:57 2015	1422164637	0	5790	5790	5646
Sat Jan 24 23:43:48 2015	1422164628	0	5805	5805	5517
Sat Jan 24 23:43:50 2015	1422164630	0	5813	5813	5330
Sat Jan 24 23:43:48 2015	1422164628	0	5813	5814	5531
Sat Jan 24 23:43:45 2015	1422164625	0	5820	5820	5531
Sat Jan 24 23:43:43 2015	1422164623	0	5839	5839	5732
Sat Jan 24 23:43:43 2015	1422164623	0	5854	5854	5843
Sat Jan 24 23:43:55 2015	1422164635	0	5857	5857	5209
Sat Jan 24 23:43:51 2015	1422164631	0	5866	5866	5538
Sat Jan 24 23:43:51 2015	1422164631	0	5882	5883	5833
Sat Jan 24 23:43:57 2015	1422164637	0	5922	5922	5797
Sat Jan 24 23:43:56 2015	1422164636	0	5943	5943	5775
Sat Jan 24 23:43:52 2015	1422164632	0	5976	5977	5772
Sat Jan 24 23:43:59 2015	1422164639	0	6035	6035	5872
Sat Jan 24 23:43:53 2015	1422164633	0	6055	6055	5669
Sat Jan 24 23:43:59 2015	1422164639	0	6068	6069	5930
Sat Jan 24 23:43:51 2015	1422164631	0	6080	6080	5596
Sat Jan 24 23:43:39 2015	1422164619	0	6087	6088	6021
Sat Jan 24 23:43:49 2015	1422164629	0	6099	6100	5274
Sat Jan 24 23:43:54 2015	1422164634	0	6103	6103	5868
Sat Jan 24 23:43:45 2015	1422164625	0	6103	6103	5837
Sat Jan 24 23:43:59 2015	1422164639	0	6135	6136	6072
Sat Jan 24 23:43:54 2015	1422164634	0	6145	6145	5929
Sat Jan 24 23:43:39 2015	1422164619	0	6154	6154	6013
Sat Jan 24 23:43:35 2015	1422164615	4	6151	6155	6019
Sat Jan 24 23:43:54 2015	1422164634	0	6156	6156	5923
Sat Jan 24 23:43:54 2015	1422164634	0	6170	6171	5988
Sat Jan 24 23:43:45 2015	1422164625	0	6207	6207	6149
Sat Jan 24 23:43:52 2015	1422164632	0	6212	6213	5860
Sat Jan 24 23:43:51 2015	1422164631	0	6264	6265	6118
Sat Jan 24 23:43:58 2015	1422164638	0	6367	6367	6363
Sat Jan 24 23:43:56 2015	1422164636	0	6371	6372	6354
Sat Jan 24 23:43:55 2015	1422164635	0	6396	6397	6221
Sat Jan 24 23:43:49 2015	1422164629	0	6430	6430	6289
Sat Jan 24 23:43:49 2015	1422164629	0	6447	6447	5971
Sat Jan 24 23:43:55 2015	1422164635	0	6453	6453	6424
Sat Jan 24 23:43:58 2015	1422164638	0	6458	6458	6375
Sat Jan 24 23:43:45 2015	1422164625	0	6474	6475	6296
Sat Jan 24 23:43:46 2015	1422164626	0	6507	6508	6088
Sat Jan 24 23:43:52 2015	1422164632	0	6586	6586	6133
Sat Jan 24 23:43:53 2015	1422164633	0	6617	6617	6348
Sat Jan 24 23:43:55 2015	1422164635	0	6625	6625	5943
Sat Jan 24 23:43:48 2015	1422164628	0	6629	6629	6287
Sat Jan 24 23:43:39 2015	1422164619	0	6666	6666	6588
Sat Jan 24 23:43:49 2015	1422164629	0	6716	6716	6409
Sat Jan 24 23:43:58 2015	1422164638	12	6706	6718	6699
Sat Jan 24 23:43:58 2015	1422164638	0	6738	6738	6736
Sat Jan 24 23:43:51 2015	1422164631	0	6771	6772	6084
Sat Jan 24 23:43:55 2015	1422164635	0	6782	6782	6664
Sat Jan 24 23:43:53 2015	1422164633	0	6797	6798	6131
Sat Jan 24 23:43:47 2015	1422164627	0	6808	6808	6391
Sat Jan 24 23:43:44 2015	1422164624	10	6831	6841	6760
Sat Jan 24 23:43:35 2015	1422164615	77	6803	6881	6778
Sat Jan 24 23:43:55 2015	1422164635	0	6927	6928	6439
Sat Jan 24 23:43:58 2015	1422164638	1	7026	7027	7026
Sat Jan 24 23:43:56 2015	1422164636	0	7035	7035	6735
Sat Jan 24 23:43:48 2015	1422164628	0	7075	7075	6865
Sat Jan 24 23:43:49 2015	1422164629	0	7119	7119	6947
Sat Jan 24 23:43:55 2015	1422164635	0	7239	7239	6697
Sat Jan 24 23:43:57 2015	1422164637	0	7265	7266	7004
Sat Jan 24 23:43:57 2015	1422164637	0	7348	7348	7189
Sat Jan 24 23:43:56 2015	1422164636	0	7508	7508	6960
Sat Jan 24 23:43:56 2015	1422164636	1	7619	7619	7181
Sat Jan 24 23:43:56 2015	1422164636	0	7938	7938	7584
Sat Jan 24 23:43:35 2015	1422164615	4	8363	8367	8282
Sat Jan 24 23:43:53 2015	1422164633	0	8564	8564	6744
Sat Jan 24 23:43:56 2015	1422164636	0	8818	8818	8782
